"option","optionNumberInGroup"
" Contest:[Private Practice Members Representatives][ Hargraves Rebecca] [ Wardlaw Michael] ","2226759745281338579089742931433243078218468988552610270628282117568910261490936356312268373083926644087171270369565914367508889291955872104205050786469813445734967234805356031101754496893450306610881855094424602298443652061401507024353714169216214683676331004706659086015729197610321521087165038085109674380299228056026972294021296511781814218237526934482692997634401493759080080991662733017367580815740927338854682837210987041014545571742629081035927497182031858614152636427278569868104101265970945546721569004722144149235058979566580319633742858548943766794064730811376687474963678442190201748402826118662535268932852254723874356674893835431294074845015925714725860399773152325642836382773612497521243639690977202180108342419605883259566222369186372751313474959566932593587860908144244481229171159504321431968790026345938982835917815411257023735683153259329278968962514113734946979231285501282798339492085498339405750578990"
" Contest:[Private Practice Members Representatives][ Sagar Indie] [ Scott Michelle] ","1845771590210817903838002998834108686771805110790399232934809824924447007808364170213389906577381548149324922942071996697282944192198058892661026539101676050686116861317222870266161397287248924980013775298358414380975495113490794070186279828519525460689727202300232756845005182403185135088886857256995082229520953994985507370775773230917938233037977739841422017180177921338323107386905027141915227431916906642616566407942174061719247361879678490665160122456991605895796242715770113689762268344436207527019733229346495898735746845884795290517107363394190058156174310782534874307655893112565776386919300413059954308490118155633535810061280475461277853665471297517075280283449902908987431253285323990637892460478387905755963543794725075095233139668356814169088978491037497324395743606816416818328369969191333644032802189222724975684166253859641953937314318694953959970692038822136386472075926818441103227367458648192625990995644"
" Contest:[Private Practice Members Representatives][ Canney Ciaran] [ Wardlaw Michael] ","671414484565120053169333438922472261065831911893224425725531163017957113002777391327788562754851524523762138378249746028011539394829611587347832147096823465833051686114342871920641511108567679738901293661594723694815167362466942302547815128502709857940937780402065096278484948985602437755515790148795180519279656539049916668089147197090305668148871002800724637542088196283014069992811349758298351380056200451631122344118402962992993910122635607200827248266014773231803150730203134241568681800456905487094032253467706352787723439250144473491045549949114370008605784302167849489614072763146164715166716678056571839286071437949487020448816204786410338392657615157598250383765940431161708207794109984102803997767818073868037734717700202280961311118585874751413387828844071130781400222514836515308525675105843632919782833942528153071153130785040522848510449589757580820769504502040316517865865853796235304368031876233281003647281"
" Contest:[Private Practice Members Representatives][ Sagar Indie] [ Wardlaw Michael] ","1142441923457927181782327161527099893536281090668281195294649191959540897950325002958880083811148504645356004592996565011527611196868521759319681659341139594209678928322195514710095085729697929859320128446752524019089408038637755259454377860199856431622410499158753309655280162583403885776474747767400423680114665721138501554688755605401037321408216816287759511698587360020479970222652152035332312308128608383587961977281434826844862962585257899629496009122469648421782726269442803609389970137789116364057652560567350712680710577225959857150226581832051167703651438760544113786471040944387764669032430317900217362352941297823213121779401666406354478836388315658130182976220667249732706911343577390579412341080516742409662717325107285946061718991991140656934979068913535880037496311540441874324678545963706956007345886819452164073317173997999184106502452042597241102990119577350430931901220042273231140967591178564549567381393"
" Contest:[Private Practice Members Representatives][ Scott Michelle] ","2763706959384990364066046306170253744654512236571520959413781051811972920954599492167584965711742571384049585243580339667612208529054210946020547207746098508455307420285011964929686286355429771622888043942839711398065730923508866444954374172801395870076829805289968406354412837744748451539843638776804780940372630738668720891416862339007235538222024476926620860013127498794791267707682317891384989601837441408317408286344264435756641251172222133111795694730923506783358965767699346775231604762503825738872380250009851759416219440043513298091802927415417317414856275861500999786322790355019788645474512049194507874028368188573282444773817746878787722023892073953979745247560361587116383701146958856921307210538918642920977221485165545424882513910081989114663719971991669683074988999826722174716916233763429031156717381283709820527043827717336892661613388820200105724462068291593784092506077041898000147772151877163654026236211"
" Contest:[Private Practice Members Representatives][ Canney Ciaran] ","1211390674946689064581078799706641445182020744743119408902033017515930286579163289977669597576180043513583347862292824641411608129583826858637970393310788203931637969325029188149374632742717472471302058921269251440560054416126334857529081466164147429582421171152600971297240587083186115798489142265515859877040264919309622414970654266578595906912527347198341748448214786855987036919525720858734730604243990617693886226936796058902749993774411462736140157282940466123051023781644326695811992341173746516059957808752775191088711314626034313967156099123001079492743648288093570904446442839945725988543206338513368433518078064679159749413273087162994928589381171879840027436217716150570452544616998626433755115352780240560469131638091629892934178039009704935146427566810999243819553900956129886486575189596647541473987819017229467129938949509466565301642240294252904198669680477460824782911070171089599732381821012666785185615414"
" Contest:[Private Practice Members Representatives][ Sagar Indie] ","1059773795441429913206558774582108941154965196971609441395043631447137948428717754099187434105514113454367746180910761894500957933700178267861222187445314349070791086736041482343165929364146529657936395311877963891709238185509828004168936374169683819357489281563457409759366944575025158064554217314077786980925677646490590916711271646797880185886549217392134240247281912483551134363016194449028800597569295688615280480751659701010757229027602321735337904400705810007443652593664503173833777989818590218002931061161176414949128119133348085266997919822034680150206758511080470518547099531072502779046823665846716541740068964812338557544548334746856342692775439133115253186442442022721977525064923442284447924727826873179255662759381135990842997396824034308800851418359101686261565819794515569319471337264906217567075363412256261088870153703071689880514625635626807272850315968153916403960988801984718383627423072759727394475251"
" Contest:[Private Practice Members Representatives][ Hargraves Rebecca] [ Scott Michelle] ","1885269261420025106878414905585123772013225785526426562154467786573387679454006529148166530230013501216346494055770443573755620451187592450761919764823494424698538235260688631403877945739645206417952138969897367108830624317415828302811657481426507054829527476448321227990757159388286395200511317388543876212084902968919344947880436201861300242703073576187026172832411510618278434323996156292793108191628375853636688332589539075882943275961955765850287458023563662896807196593214055936603452095148360400019819648056086931903920241709511002335827736988666777190552908523762010406997444660230298123661179304205922550873548909719299534118109089080304967012500929168390410830563936757196846094325153948110071713009961519080933790097415220075872084268740024642334899419730408045063052944981630268501798805568455899555446559415120722354589273899256537939888844514153550655607698009639462279178469893975307353855513151304109991416517"
" Contest:[Private Practice Members Representatives][ Connell Roisin] [ Scott Michelle] ","310584328851610165650033334432409728452181001198309823810918562854411633760790410416728942425212504783270031787095970176916587882675616791047333413529893154765537320785371426898910325799114198731675804845604835793652781643902634169015890445019819650037971667156508512103956893286406190021938516389356838959196667367670923767893906916669003750838013353046140191500692864988067838476079549433610161833014597141706671401593529026590656144112861952259254080840823419269888778582618117743822105104130014664150230271953901845383810012965297012780791305326240435446076036580088511595673577974652456558856172045032684408680949567221467739981808395431386650608562876002417613093007696668003049613212191188014627582522000991866673217511734680724390362704487114227365925877077378201081943775897767694010737043220206277966899637661027606532931670498605452708885344843376000851493140077369799300808442627567607045977469129580512952909398"
" Contest:[Private Practice Members Representatives][ Hargraves Rebecca] [ Sagar Indie] ","1048885403673068930554211596122928563492533894888642975989428577903514176255527956347771422073841839538183515912160953924074388321969132879561119358241503871286616997861476139744691471671841451696706623685125511233232635985512581709388658607875165434154533751085393296895423752770657095354091259398339623548593856838057630157654996127826372839476491648766128319640875840612953556865644409422503466414629460978058867730113084941413204812362168266621659160068946390495012896801873570191517320892059390874349971174553717573071035254631289090252714749721168334540075684575762669896844960830812745582747339249070683001291655515404126530354261447124033339061432005650025433178325230827722686379592463348821274342570815425445022773511064508705011862521393637548476321563650404116281394639981826660421688172728777605878847085568008669504018438967444042775842361147172241734256993378882025537632574840766105271861995001157891546905900"
" Contest:[Private Practice Members Representatives][ Canney Ciaran] [ Hargraves Rebecca] ","1066137370719288125274978595428537205676637396016135458352332114157277019887506295403441642079947706639770790099784948355430532617596278096822151166953902615753734099429511521878294885773556567355065190931469055316646107739709878368205864509503251255892684132424413833590650598499909184968842307744760275831009761965968187861476797351968556788074165537603833301941014735213339912875416610450890924936101112892249211805688959366080339417463748079232378313646584847019207133658566191901100564834616512192443378799461791687139340589715516156804207910590378997060734645890112424738180378797662001658489159512987160482808126694062298177758591659819000016705460015131559653717413428869500670832989731976183956002952092948933443879094231233816320724131212629232283348366269045983066293061335660904044429865575558310658949994271343876911111618465047222355569749702326720159744237666937631827432553760492411673471937239936805513731242"
" Contest:[Private Practice Members Representatives][ Scott Michelle] [ Wardlaw Michael] ","1353499465925562528880756483675422029689241698620308234902711947029224853775322434058002543712520767587415891481147910204797425880631643768821904153363284860212790450799022768859808283016413856631670196278572988727202590989139190206483902249328971991838144162409892992275427416689655116451937870335127533584445150064415159156332277008031358445301166082235554296753735833519448112717122223953792053994998683255549086658933178025823448180813376338986944096131322350054031612393070484676978590448413925106871604343868759691974167831924791794867075469898373780740449145522839968038669448786136340082236393863239570862003359744344426124435197870087385605938572418899518627983563001083812088660654265707123433005746330163165441562952038193132400644759268074366524415800107946680654831708526437569420950828006072693839426801248035132428655171502222946968477850158103436073976504524879193328297397213327918284955629953977471671039910"
" Contest:[Private Practice Members Representatives][ Connell Roisin] [ Wardlaw Michael] ","299508914926628805496809946370881573645927690568311086441272332949502597259589407634623203155958886268947565817644826694227342780310294417616079939711818664112177875547334043978375805107495738820227481302950378432657584542989182182726766937641736456945767566258874849467195079354590881366502991857921972350541898013154908935947777316279622828556887264962420633225134610655698042333655549452637326090471106263515703491724685899018354848059880430025684968908739771566754045393778982140178712868399412703023725273301757720679223275174052883050645309663088468546237228012069045811808969248095201572805479106525218653392609525073469999111736962359603433270578669490110136152042645953216479001922592305432788930041722844912112397389930465755136775215838019922285205492808450959224699683781093656289882590076975733772462632985262554066069777710952496958593444393310593562682226698660324644704751630142814975331846613211734120911805"
" Contest:[Private Practice Members Representatives][ Hargraves Rebecca] ","1997913899478914402251449215258395602794717590546111912796462286592764068175510649324223906765385370125314077912553573323736611312504559626175611044718502884878201697311351497142792906035004025196618567503999631088180766107624546375358560223301869955914097877516468564664347279129190258876310901974372506806541064511933393640344069986005433899431997416136835854949214305694455451414920674704127901573623905577633813683661275473359316314463304231483340159041124976424857453034726781481764713957783872360233297447879215085819173892177175938653138415546267152943816074112755294374958887953160187004265196845339517908832358860403138917575915731552908797602767218463956644616161352514100043743863877595061548293599856756733730407632561635614659821272478488106041253537206120868164559677992683343960683785478944601779016443504198765064291827843998690185895328579495987989831428938036639141872141483517767268326961617643486908313252"
" Contest:[Private Practice Members Representatives][ Canney Ciaran] [ Scott Michelle] ","487916327193796647266932778030634292802055543437243974482859146851268030963899980197233365032454140033998352204705054783803452784835368285466732906248911044584908148600671026776722650353814227859965091501197129755165036570610043110412386445920741941435299874259067928805614832319064590906506433863460324105957228237803562461480483619053783451835735928258971200784697294354747881473811598005642889739522727067992880721583573182241863008070657645426667465888832999148238728577428217293938290207081650308957869059373038594757075548470641576900475482062695970631817262662377570242675916721944729517415959072258178673713939456256723081280697511793106847776634111183054814979105333862218885439780003811499305453007955412620631163874939389481462530183045003268229202283729681078167610296544412935917981317779411019397085948788438308221086694174848210852399416046574369995467753017157149565107920005584387717903827361274855745027650"
" Contest:[Private Practice Members Representatives][ Canney Ciaran] [ Connell Roisin] ","124172015148497162147989634482823329783360406840793087475845407596919324054763812788698461646866011609702790052893486204078164932157669653816126799626683371357255135182962366802469281419407285188258996331414517526657103019430424434570171781337582413573848974815749261079387536345791331303311969549888508031850195157179677558921043349337523098853141391537666569867431250870036374781850850510878840858155430772878069369297203998795710104831418412862083389192673837044765915337635622410983408015446053165898318971932903026116871333551464834617153913640041619403809231546252479847134865038537809931827298967748955113149141343798513611863158682559256688322648004501812702972021349401335000069137602253721333138207520715391686603356055459080556802354611499522795461059257977950697993763669096711410572940812205998069582184112467414561220036323014038679053749877508065068004259670067030085020358992655090154769466488903099670228773"
" Contest:[Private Practice Members Representatives][ Connell Roisin] [ Hargraves Rebecca] ","671912682137166007983589577270429000456910768365101269264397514057251919048888551711504580185822068508940265123964662422659280655324911933167321413980273156170099646781433356029352677253248771296424655883080831723747465522807572407150574751790219459542287078565391634710241479496433472304073664817342431746054288514714108159191369290833412758242352658590456277060824861683743249989407535026755790136902648821493041642628501263487242850577306289593923648110513410513227055634312810777107681821222798778594585878601308787055384659778894809727251190628876928688414151672863202873039915822768742104275866423699282140587629766638018287331784987111408327286658495084049834595647921704706086396540020165343362690690974153427918641480296988615563082776311444979523235986756516440817702616534052903249088070425915689613032771855051794246442540204913817739294065536825050826165968129027742203967292492114683190076656088714492362772097"
" Contest:[Private Practice Members Representatives][ Connell Roisin] ","72711785069204794994811199708685453155950836526960053648425146843110327644029044387280561054676680688799383677378621492319969422182686581260815137545286230693529752368617556352361602307569177147863529483928870233794836835411028451645405640483090433741556139990816422751968255288628244655677981228663624732357558497289680418335298413139873272188183179091445189581722114899695219686727278743420266590168322108220622099354068714958260765506623475080386759433008260311351184203104515620797082944286522898550907285097336049318858613634781665966472023036875046637601868094458547798888618704339709767045358226968398194714358084230737208747988039117135570273951530114566135942175416909297808675460139839564806762171624981738518198951837388779867445010586067176960129356140860492301384806913144755776727581086910218432148670697140604684407051607707382185615133752093319761087624812326238231480043531905421329139007777827557298980192"
" Contest:[Private Practice Members Representatives][ Wardlaw Michael] ","1302450771124074473626052002132810901404127760099077038584307419838689847803473077373165519187114773857278808400685601636905698347334206278753328257042067994739536283351649919103775714201620203197774165105787833719122512511431498864344663110647668738723059519050175158502646850359012499420388820395746425702881453698237519928062827716132502034146320205588209820288886298204145575816821451922065649916782039692520362648007948166823504068370296310566861756466160157615282773237373524956161739209334885317798071627457494227224754443380229353607327374074160405676171569110391250595653676901549333493546105612124677963078786932056835776864841429542024717596052635929513478709434716638248050584908572539111806228680450149413740260450081153558932937831802212706488596618106349038412526210720950282047482373624380832724179467521444479464979051363629843442834715841122023129575675920124498105484755726052546584438972589502407045391469"
" Contest:[Private Practice Members Representatives][ Connell Roisin] [ Sagar Indie] ","2204949768809966182273553375897821503232906419278244016644822314314112167935905050199967887669054843568532622425174500016666337109487021237607538514156353577060464817290598973155457173472773470434200235714784238610471721684342462026518076244782473013913011507048519945949174523360789241787930451285639230608046866677258507752813842302236937055036682132669718835868709970931531860465979811820846881401197999630342491089954504506896428052144646689735822357506409132881685636472935770521872301785471130396947574154961128750313349798968958566274653668430988765375781322834401016782636519940077035881775366500438574034077031981078861594122107211430294845691748142519238160643211470429875512776417159130336539039714339122837526473203865287857746166848620287380011783420184757439351373605141870345405506186329392894290375140919774537020813663801264632205984954426857751267237890622551992851330319600787564775861509751761892572987394"
