"c1Bar","c1R","c2Bar","c2R","encryptedVoteSignature"
"4009959797749954350572454686225751545061784259748827643463865390232747007117681212607366168645100885309454901754000396231113892190022080069895637594990377984911342499262033241635680855814784185931107759841461863528366893872759058577607389450783669979861368972344337328876673946920004778785843990434917435054640415922865078134359608317584398976419606445429435505460788427304138188953514196166330204997746599315095499431397503504961560665934156266391707085084972086111064370276731442759888540765240481700679249719981802768832839417215618997298863201065604482363586227998311499625682069334967606424243248814988136344586182071201753518009743728778957535242601349357795979215636413721909256246820426220379666652047614352973324785703484773313722613648668887566290560675762498372351772437126718494466733491654348531881582257538723078646265908373948815715356523701354613163042957744448494182046314573628404451890416137748266109235920","417304318391732262259240459492911205581122013824134225579375304469992499503647771171989630685537364700411412516608151520702343638851930205534020018710935899238031344948327927016922691173912316717904763908267672005753757184237199181678336468457173058585424167881720563174972022129177755610674695909000329987870090817151890308258101888189713814442830482046598103677086376789594062233478814757225436988350572011504737847326368330339977544702866514407362420457029218899235762534461802811278936043101897525683357919697559436644996160492934222173874210156791839966125710450441218110315728050360144105991526774509475315049353363348927440242364448965673940759140219656997023955484111266381291195025562213526491339080304003670786071429490732362785284070960140894216769522317638697618289203105197777706514138074209000017744574095486358412214169508342906068140095986981659508341115630533639257313610884052599471300288478575299686091359","451539953438280820663398634414749640120646598888024048905652561492645826429339459439990393962600044768968690237938897663595665109016683154215029975772852994481608878338891599823959626690995347176724942885558333909121130851989874948857826070437236491357244157864672946321041220027995009088879717021370947316845809475822183278878336611199138611595925492987519469992135973171922356455525396575923731091594765385577288671928285352855516422219881705489067315358397417759427540097311679565878126461128436335092254761356831519169854974202608872183035245212206450798055320762425636569623155322828439406374349159243675710163318937881463241933705633918857333520735793114150056209759285292023872227721097404716597855534313060602197915873208239984557674191380116864249543008812200164969237844466766657288675569187507336016361319314141492355457669819659058332070871827671795433838067261230432763156829111699152668723409293472894660402085","1190975580860876880466285866797756496155272938912640882409872529561240578417942933440876395041969694641459024352768545238512925951362961997510547195271249699440729137930105462123906771622314876879722452206208807745833485999304051001472794870400661354381423360662963272884961809626221591713646645281651100477813303325771804937466885054459750735681980195352191027216051477045999698787162662686662372503003387634914160341818951366541262928641749229576609883367442401638338818576382704863126846129613422249502444825420158608830799119645511238831462329715527997579942424749977257138106700860539064605936291797957460387310475855427855122147076105403122917425875549204824323571071422669525230835001576359850414326146983825692757143706863976188398402619454545973213729286141156842822947023777122952511430842585719875873624616460594494902691062213235605805683211906972381681266420210030587127949933307793901590053226801954998679251654","MEQCIHNgCWe9yuOxrponDDTJ8oBHR+D4AZRzzv7sjhSzbmgmAiAzy1pUKAQKI+SITzkHclTagG9K3cdkCZ0r1KBqBBK1ig=="
"3528246481229719257629707453262385577338228383501279906236128584401717984454813175120935080844486108559129011205655515424129068109250691639569594866758556670341277607881594642747116105795246324912889956251132505895831030440988487167065671310625945149804414597818932209926051359021125887201160633617354584005950600965333260883223433171176796879250988226756087463641807880082865499092065892558525925971990940004076416287928300567640987616399579648385880352397896979469377707174496160448541002988228140843331019700773012265202986066933024203656827545384910457507039250696699904834669942560440990428072900046568683182617914142039395320500352702273193364888814856594802816556692257988557732530895544775804202323488561943264247938575640480148080450914711985553166083548188057881185173789706681404620524773004089451085282383183431799640624823730616280315688006815012626231650687326231181681155743208812704524041683062938696569204974","3790083874411918764358641526316192175145895183685400382326546329018448414157266916550192442477712331292593048238930180015409807776308030040381719284874600797862371979495165876970098375672320356434759007090499490101723701740683769942207911243575969323795688528741602034466658695261064742335745298790349728067683580872004609102223935363279548166516426167318929591513352287555827256541064312035505131167126480463091208963655033276200078668998774834606688136381532330535373296101292101709713809062794370819465558763732189150830126986021972681767807918855217220438001190211861268906028819182507287820293693463328710302417101487516055445406140207669561381085804618880145127535938686665934201978436590956038332979683424780575103103852716225879346504373179500082415964644899537392208952710397189209900485677609812413603523631323350722591401724978829540160185002971593892005206686944708058997442035512448835036287415501452598726265071","2414106863451874733929384368634457138868921154451767718686772660705223024731069972105796555111570489510632746062681730834496601625609789432601939861063432623124054592811896815249104505883297694333440009774140467834150606584787543527505337989512193806815655005428997076839253594403848943204464093689553036512491950506213860719929889808453076933368657354600501653953592018897792011962092514273718150685851034031186313702099303690059246895678407981781934235547496283317930934913553635979609091549737875294197266767723926381217845826979506915031629828264029806465741066245693558166583674445961334119648899692415147173616814993500548578470527433233029713448899264680280658706950196516872583645129697083385955332203232621950159641293192354324729143783145666025892668876073108825037396079626555467393515600281257250224021183554588516396547184500714845772670347174854435772558234301949659272118943726196489637772934864276700802969901","1716435562005793100159897621645636646255058177336901510690659760403977602947832216373593116097225515841292664047935805075737374490605555964113691460182382294107374427050057279890066441700251565873624879627353293477261491282019175797369076707586066078912971387791295500195337074872836463372605080299589820352205375043945114141431822057265403048399825792236096631196830767904229399183327190421910532436908051958286666948493631405202493431670416730866581906986671330103321650668562003070255758646943568180365034846153244128895630529923083337260404189180302905289292213503096338863048171596528916172715677612240473828712159997655625774519814755692106874708614699080596190676999557951352434768886598037506834875134478756181211097832149776721265632037326240672920106355642515475092000092693388299348293036146722205556147206720166802892128433370467538975161593588107673424163525454626935597045524550077471511591176859098961436595517","MEQCICUqc7WrqJxI8NVua43iXhJhEMprDrfSpZhJlZ+0rxH3AiBPx+UlOzQ9aySmJSm3ida7QI43fy/VQBnbmbkBuny2xA=="
"1632964410604981437540514154670350775942282481174614119461250182952462243220217389370208863640824212857433720902788519969112938219744737647354624075535188890578103168525059446752782543168664896576786140057696882966028838451839527949817537126044124062825710827382242349386782132428288051906719272759025113088892506844067832178975284549351596195548524035790153837814655616366168366261110476677540950710088659512317472825166743419082851667945670299948057233211433137165309312153874969310756782580652072763612359026278939505039677840052188990719333612277898445589275432046331057540114679764758783441747243383998437314323575679964657099759027831062746299811493545706181109320085798818460121064383205779642900110274942687004328886702893553949940044920518492400188780991587458421199628195658139708857843577048189622812361308227433849095529736772170232892003954905360136517294071081636692540168636914864448168074537978772886595500898","2445989863422542053736599298964471315636349080680434491671234995775960285226998138720708940111771876670906899873293676863139456393419816120386078429202984743592996726312936374434543078350956547337521879070259085197897220511487850880312174934023371943023930654463361101509748227533701864454699112559013873077873029666628542921274824278119493734682987491132607792728244455279966948894345812859494613991976759433872802523107726462617396371670157067343993294951302779106095389900305156277833271531338227693002009628738848877282519628236167845595114534921270210485418514907837903295228758738609060188100775663943556522899384632531023538183861001359172624603435857981809467548371939094296941577307546281293960488425535174428325163846891660794264885831244643766394270946208820779497845492623177701185028709491813259669312612514491578485008794872561631527569428524147405103862790838987278628632333582490888237082272794537739199179704","2302917934461500759715310206742914708100396266358926380660243763844979876849786753253118807619780823926125134846381477907627531387257377598231789528929995902907452783586330894782829096536825038880509455497380332702417586016573429154579806119031930869003836306433982161424234966771640886035668340060948625779597536783104971264921875145317435359143626691835538436803480669385467035860906412733426693787634129929460126504749115726953780800807920250678647434979573570090058351727454892409660525913756903011554249760497977766673366509203284176915218028087624609336760131912573765540354335362325714433860886267305255756332366527213790599937520339753184761796672161446139135643953918988124363107149547073342384845088776819004012545175665912724803288743101364213561874991135729109007323942428606320438301648435056517197467040179382154419405896824020445542106650330529080951935314057206521071536708233788779309509398653757837711344520","3981807836342251486419427528975900290958748797704877528297224702481191020142563881121858891857323064471745160734620444489860317423016378163576365234757393326327038338185600537287652992860519372862169041115549795862835498971957381225641613121070659172973673699269338559873278684749516593644630648270285460013691943676792536599649876532573439675765194881262270133831869190990266555831812663231286523551638204680337488176356765135789811514764986658000100889634873237261080549308306147646438240862059374414591487687470876022209990623745982227462704470003581593159730630967330006640286366994061464338670246582545424721156138558656107632164623858694098930658533905696860972015400997618418466702347765767388971495007506304817476456065823183938962696311090622332946367654028661591125922921442929970332512291842657640070871699311390432391812885304786172834165978687486706029126156063802954406366819955284412344171283324325513970381242","MEQCIDjtol5/bcqsFymB1bC5wyE75Fho7TAieAh/ty4POs04AiBd9fgSNhETsG6+hiJmJU0UafkGtQUm4SetNBtdCMGnbA=="
"1312323266982156607863364562563262102597834727528021169081395494274428232495609609287833605261697672478918338065048565559111162683647191280391155370036420765655737191570945769848519416691550018818237321768742184015876134471503174726246501173368690039906076165225801030702942815230158306921769342920379759982163471894693970545713709069666039060552116099740579774945370511030774630295246228242554367728604459038394987953236879595732453390077419190762082885399904242128711638315874874196550834266324127981978276729646929315209306026291404400271822857049580133549765201419660268326324200552992468980023073817204632061335119066888034427783140462821494875502300589159256179068245233317831473741604178439881405846336293498349432615292881128751422050530889832771023595292093598116530384304021010960643838237659203664128012552154709308569906606680956810917353519105819209768433215312132003204107584992519787994220332675831878266267128","785859779778650296095469647095250419510411553759509360139829265762715002771533362049721473621061138481880207935552435053353851021813922652187665068441204843392654006354156896355667908246431280205717499427457582573772681388158827968205256496203445713887249106719925498426273428907502116730715104321248724462509523418448460982713272249060543219902532228960585276265744477857224639763473017592463872588909573696971370960134336254555746631565617081951596694454991724739551668522023359745911353303674629055127137738181601060522617562340482148912537477176282566542397713027238248677146260321152454285280696926997740677841497015559182152348395457053603495581083164584824436603652734401300675104400898383210207068305486907880265208897484193839521604204437882946531174866678769260013673983585042348774982787767642390504669101414919321598786446098447702943681174071366663461026891368205926219364775698170565219244503042501911669737500","1424932785944691393357355215722188305466369545741273023388093861192494168512098143745707164416184289034132850785001571491993060088946432731211582872560184202990866618334001620313736186885817050353082159893209111682168419929508778237274091161939225899302695640796353390824739230100758068935377562268755055316672583228287416207615820886812228830051724859375346173646264657437281679215327211470418930870774842536572966643308940922431098636925678403509240104404873571402170362298655994772243244780360443845019941351948044694600836444823560445273571726643379712255945964719108546474383699406929880705770559789336619125542203843682788315176536818798941933912554701705262562817504468645685935982033696012313072392044029008469898173516729722711801242865298818467733957575701286018721919903846263900919183963504532277746450774159175613830253283979637944162156072378147494762855942658781681579586566981745993636774327506545087104229654","2775544352185870465231461350645410781726270213659812343458166660727442435587037552902764178712313029691819877402358070161575989887850100429420038606302876214231870786146075513966410360588725498535537054740560106439737445840903409973124403853347537731501985759299475970993722321855047118661598507947895227144627682554482606462429315818808948611965191201999306167915982490587393690783950452099162012310408043216002208881161648711119870085146362006543596724292945715794251730619700943127969391748508203719657127454628627477362404613640577946682018727038166246671931220031785030280421917648650156729590182459290497518214548814123996984176860724737827675236762554938355525953256811250404544746813655336486385503152805986132884199350039999311790380744423779818468990714428858949271312884015810269023216733433661733454276440120918541063972764073338320114403680816097063485405527846397512521525142268730448598043268830103989075037115","MEQCIAhoYqTVpMZC6k0b2TMEtMZBSFnvZF/IQkoo2HVJbyqKAiAOr7brrZUtGsFiGA6CPsHHI4rrse29oJ5LvSiXcGaSOg=="
"1773279165871750527218030777540768440167768923252052120281769636051853236942422455362908575298729832506693119390060360984362048494121651594798437337628303473208849246220779153178384018418353860518034806573810735482475593291279642615434132363308338912265482735052484058928485442247065615091841187035947013218621372349236048945516296533320273710817777440695455511366500714283686177596793567065255467576769172610864996424552330680863918533809960683790770855061478071769558206483008146650076249008941575265695460392633579942204055281794547786626543414997722212725920708418446234799812909617250502951558600024013140004447118612453950843443356248744771000884347598548021193598570441770461393851021727807045492597725762909223255593115492682587663040806993838123647210043741328676403437774438113440359478477805059605467946730240678221513023549630809890692200206636189980873941121432796310507149514835783886391469195886986193945520943","2288727758127341218022125147197764048665290480338645537576535035659264016784526912007674334036529355600066971895312386100213064902145894450738372409897130649979976085980879153463189280761944456435549949869136960338224609432008379536131733588731679765765549771238378976774619459221963026969488746562254085312829611866731437030007906823220601132496329549225989663940825066423630192383145938270877717672910541383785611305792211865805885800514859373082415545167461735747416416277417760859738359431180519847790312987667332338254540937311852341987224843355407722421607375443748628284553940536919319751036334364988789959347212863665801846017271755768895096790981956184521041834258528217425751440143202033509002572458326683196372816516339536095433812923925791448897231170153915813181944342755002773159864246251088882037239093495740855262399792276646705088133950252420252586530641838387932789238534724552324254110221991960133263159539","2042299793770920725261628793937853618114409860087678260202530799461695391631642847519178034197460281246310759385319520717224566422151112460997664672910338174532897078734024622898902433262590342534896932421374413802023709078695003525406259606146241538461868737299405513471913338621050848750072898227790504432551260803092201987240304164429047550787156939065984224468483953748542796273864375528982180865142192183753366443973963431908257804140763887627653689108162744961275840720157851149478401750583200657576409020434278831482733241044448347291300090852343015257543309732746271811546170187385561046184391035848007789437009189486232810445599149544098589808504871595881365475298350606664973094824635520175270148820600049919880616784424605866785731633627503068559560653248037918769004047098532133467421245790808599583600259303050409386576798300815719860973627832753263516204758519209420169692377040242016306463769826172695064025657","1218932166706868388180858043459718948749386809437505439603040530419318016659471255309159173118656285046010894867435142839615626628984457708486253651787840800903248571535148232598118693458256359315829520394720751841282130483355634924223804784111883002699960651220145075894143398559095032121665075064280727077682054009261136410707426788890497264648883947038774327806758037439866855964084611517066734938939277189812733306286060118487683415685530060338817050619480014395860142771819162914670976817240983038704962671958815255613255525002186217180954421757845305991134347181733501628577288337601608514704407695416101791522307731717594689716616988281802935180411110095943927874393284700280616048837515265029251669485467532738362705221761316023861352496701286769189628146464021881849091953824260201831705548654172044018820425362040465695604740510276888947166068466262566508646388726506368130158385419723799851499307595820566497224052","MEUCIDJPfk98OmbyaCAJt4jzNNgETuP0BHGp6nv8ChjW4GxjAiEAgEApKrFHjWB7AhYwtW5WGHcWrRXExnup5YBjt5k1Gi0="
"2724246865996889264509753019713210588105695729203193875785378639303566776973778101282957798392482462254822051410853194091768237262541372920481582439744159780895468234697999386378408229276269768450344855664056141570658294000285242363621474496891019016580303973451452891599194814233319372242913569386212903059913438634696159573939833736162312962476317301461003553200318510426973506720917575022731174286666307643498878318657660743413824716656226301227843117408514261261535747279795690732744240912738173088159861502185980546199407974750147988469912874534728460696037222158473671815946898522216487814847313170757476627749882521815687100807377736148797253932717573532611211202738898914804206521271063118223315427107241558898554396508366986147647482365082310984919139440577132021494666357965604885567442247392285355211120542761872657673018047264320232940271460115396496111289617509695182603368349639376973876265380941066217508211166","1479770450559059189454474771261933083986399054609592986745616520807016547164688585808893733319895407554991909439684924737214696976938035466401699675116133549862658372871151618987941341553119050713896473225364444772092924242589759961345820322861858330888460270211232200932867653368764434713620973896131972299153430939573647096770240062243221657223024816419481710132241263470839385714492969116080354302607022178131127065870970765440179796730610372727183445016487508894230570627672939390294578452966137817197134237898417979194215836828378520117554021590228562622300466672499352170414861617003287137895081686898986234461984654699108150965293226522838776989695182584631469530170025946285921817033365287236749662703087454386020539195646577840210486087125664515836376634273193510780560935990733461982894912082306114043454765954263928005064348448727893730403049980730354220796211276770407496499164111909016859390243885249209138621712","258803062129448684075148602193500482932288211739350634087865921039012192526607658255409221901586245190037662967572086668640168760087089514884031619397866903727853136815477188519879556437172572662756326882324007434652007335045079498903305450349013991019694254677166415756414407213714004074864265173611344080443415568191213208976535379769281139585809246435748687563437378837886962478207557287436479279887149663437306321321224088755300348700108417861917287291391663541059560152339406379218955987163233812472195167370190288944771131659091851441367533887466396930255258742810670053967451572014331919809585804080660401492205432165831462009921979144819742978736214665256300155549512786210731617140097341854009557603267710911191519378939707420549677548038266041018874167219387867817071415796343785114580553754237833234825572668199967644653457995199169106864754060796088779965091640353330097264087819018665963667230615176976407689482","3763048258208275407639477374366416153830716177130834516956929065050443492435684036452686169103144372610220186033641110774970709118707400515346588113932031048583946887259302401275305105448150130891570121963153623111378350355320512017145545832526378762737302704748320362980883372769606776140291301316268722174819174382063439042269764993613857248970796909796026856335322961257110923053611927564156550415062764386552134254538408504809786975522269858685303946267847450872171166723212634471387947840918070566408178539614986026925531609384340598012539901963328441647070493594501636695261710172580754249720113250791684623551362629936628188319773597124139242800675342517087110220837420522215432745359360027786641255470917078724290444798590623489845992449206755747965137650891905025261982915012634557470541185470762553360952396654554746494353564719634492956024716317593432091968340038972717684127381688030768205148486584269783837307695","MEQCIBSBMdGmF2BaucBQdPD0MZqp931xbQiG8sSUxLy7U0HsAiAyZAbepTUqaZt15ZlhhbNSA7vFDm/XYtPHDOrY3d5tug=="
"3060075344487908843312091274874609517848498092049401517175662943508921928039404835349554350368791323664678618828292405214522902440737219010288345349292775195093619752004851821361709991596635753476688381382422712074439921509069428901235007279471708424043220167622711015350251520254581659204569471442525460273358293549441782479054586095853293512827223322246740897977464203830183612886480130889079289300893538280185506554906610347391654796085104405599411161862378171198175448644847761051717711765745319861237813634136912993452776597368853311188712242882862415393477812433714108004767486738682028652067492809709244263539490937669076126163712043143814137249182227871286766361287087009591899457231767091399005540264291256865814247088842625699289920710432319633972957947268968546974170338468653854199480152842474021104346237075929571688073233533247726279787792341783217588600020790815815153852898141184315038088279393983746738778645","3315420344771283610413024522945489274983959533895514190745485195322642114511124823822391291117616890077855808170464081270210744960995257778780123105249349512496912228026942963398124586769598059009338530672225748915094867222832533782516623992414222704141340706566341769826183886415515402417531494404994238732269255817354548281185640117056142685679401542285295014300434217574345630325581540459302238073463117357331920440380355028378055420571390536246606250142415133467316980595948252111384960751014637606921172939298466876620884643002319345066215509438408439057584052974169285818545440030216211544294909134679474743743243043694642855020593612285357172535593840076824027901142737386259792463183016890826153600482029816184409665504769464370921548194411792627028903727941856695771181674602701700433742981247947747133570527176088940724206687765809019994390962317832526198630101770467176746779629221892519791338532455298273897145789","418372033886780447567127220894505501872383400144878581300214761893615824814281786490422357239998011049700020116736480272048741185693653329173483955649922403346639635169435989621505965635963924041322675682445383814431941114656556469099884350983170608861980315650034006215242231307598610259921349817887922293985610351173893228694613516228071965640419353256375065151033722025778503795033241187729162250752168987526954821890007676423449538911292109711329166094951968150319237834075483934003704278040407653112553781234673050107144800332427549425042965989495069059254691924682907649881144167233805098732778553935766573481320211845762552364910883066377587465575982135392994888931893717144960205866919553449984538414950043574705431911018157491349838010778266924685595912013347768104400743893716825236156998687986584781659349601219447816038475181295580039842627070130164476232395940831184158083017250608640578045219591657910994867836","1240506126240176660118414292503814384129716823771914446207010190364980586739990856068580135604138645873795656096748868384604104900968199419870950793838212732060500863402247397499446413149553852685651232644625431872456242635288080147025242821211275321656435354188174882145357770119142748974719383015944097655366769640903853596871943734983094448298123615744856199003567732777497473482734158870399550835452552094594326427673720682483690280121379167722752560965237713680397681267551452410827090819630730182817912915251274079477014758501739966202477571544940102343831644205535996248962423366938224305448088095989300160392884723942307111708010033999076342503004499811944642937818755866911178553183331992121610176401732052582279068880814362013896062509411931552954894671795331362924097434734854619330283913748242653654601817986314184076683757561358727047671974601972942420975819829349491739685107524108458564248570302063066624212403","MEQCIFDw4Zl0mnbA3DAsIZGXa0H7VyBDlcNBcjqTavKDWYh2AiA0pRwPfzfYIjYk1CV/u0HxDzBXiypcVA/7UQrqBLo0xg=="
"1698526740037154264646336501463102219879932458243381335979585071498724554561195998122230563637663250487094312309301296014893045066555455592143960477559216438422845532216240381804326831562463947760066637206158310761954840186345061781382207109835787196559695961227689092045341581742227167577586675310965020656888313994101351404968066710272391860541400758078756023651331477773546280681182808343811091275545017634118502459791616693897464527895664911291603402819926838846247694937102067792216498188595508261088973600320378249384984312328176690156350627158055983881088233218250420466266105760758138496317792688626971106626719227035360088108426051533391166183680222640621208585899012300274752517681119145657224843460769935751351109368343086034522152948153841102508750803280870681904740992341948903583747853050300116688978845358447813633011897951513883181263476816096424137996883908620718571368779692107521274127997270402738891778660","1907595479107561292575471620987130968262558841543148668361794305295438506771411777974910178746952703051723103642653264378278757099750968165172582258597868529638647266171789176162984222512980274002993065573915741433772367491495287850448232975015736084161588656275052335840158616728851289636833594782400511838648468154804042439829910383792426767243240432576146200537997491851627764796725288208096892231311179004554377572849838984527586478850147128800708039361894135797621943082249525794127536004378578680998375905696989176845342704452131470835722571758520537289955568382246259138977318881130338021927945431310941055528749696303158842824496816107906384322023057977119243945326311256939272263779509118099537803168818649371267602824691691839951778965408345148155301149738251891402933836239600495615998792223908333665304092031574528352706295962662711725615571980061313375509058910144092137990647317928657862035723935521681629459999","1259928482223747631952875482848149100925901802172691224739720978669253857197133573222487872166634378720540284731381897219858182405204024163808520625496639273591393041541363447838615061078282152515022410736019053448654275154139302662898056228354625801218089869059307311383465652671255724539523648629202426669602326584184585896451027533520648342692855511192260365376532526922172292490613452672725157474357872750903923355628772117087219494695875116084495748664811433421902967162513541571917906952140135477841680035387843841594013067529927862773107070500660703281145735692802830173575491159574947929187889812877526346925658029596366186136700187713596553966731651483191353278963295202712306297774154040783457362773582961503075812709334689000187648784570647451420931248108874131689612347409905883646102604061286188362366402760314395680176639142773185820911977509490175940467067470163673682043840641135306517344068205808147755113575","2352435422729915834093353742273662494739641607020504584027692091445058414059897201871241264612021450815662345184522685531154420463475527683036795376242139729746520662627478227036458232815523620529459534367407977026059378292692121190019295267549111099252355023213316590591428256816476683107514344291958716721347659249837124070055394195231486013419071306653825657904161320109478802303270564227607661853650864935114525447888227588148016192755416365851012251704342701671974632799779461784306664889138709819036119456861757222041984327251573061259791518965714859421665916253810309632132368656335013369411257533602420733881553036422095352584459405826367606631272195778436712192908930733916861808156219827696511840430124256863589904761062450660491371076229354306661886964091033622624390612654708063354176345866966015060263928762767821075802574113509737567213852743654281139329508339748032846781526425081180443935440957535307235696680","MEQCIE/RqVFEHuwjSIOv4aX0k7L53I0f37hC1S8lbymdzWS0AiAlFs2M8iS3m5Pw9ywO6FyeBPEYaxQ0jd8r3gvaBeoLvg=="
"401177147308771562403391934858783683630056171350826314836769052443745400263609793022465100940833032540331130972164499139587542528466790325627511315297511184526852557846143185858210017652213996412788634447031063458050157561666113040512306373299997053439184896259697929171854004901710706604024909665653456500266013332671330267197718888206484147682067566845660406454065965920193087460110123422279464122779092681567070179784154069189913885295512121694026814450808688733562533764485669882001300016112352538561187332662769485476166414300254884194586249858862873090779834596849491465548151396264520977308069459436113369304641743693000571955373658655806741101676969523573494324344333747102224656096777648500969017486874191720450195719188191846319266335462781768363369141783996478420838470129613269707536437797435752332493511607771580447246029255994666060494029269693759663627912700725182843643701142772966661766008436454425368279877","543914319872117851459618885779152187520388875712856237215085989308080849832341556779791378192010200660957008528339538800705166132550952040663567600847803234152990876840683796493431451732099590031706688788936045184208080832474291675165392897959421375087416307884374576742557197194055107598284968391693939293316066436392057018117886807156417218343965387007067242107297313473512903329564663602169005828198440042102340219420645548005026511770456925154642603143088696692570025418576223935408070483128497349514749546681238255938223948234155790521455814944152972549583842690088453146287619047072742834548148645491923731926587922048621504318958815315549520350952664946112329899274025635755899098326139889120205303925449839084036706691317440131661951207503739190693444827299519157871645830032973388068772641958836304017144694122775693715675276818318229945553427398964335631944437853634716675591939613055791832731569893791307545669105","3534435072355739691926028297084044807432133023931270530280281911239171735308140226355115689470720613155094733880578594030762727272163366973453014484552145829037495865106927402674507428702225848002824241498230448546860889282051286254524429743339900504879982815187216846556891197732070349126245000162832769706374458178019625880133942659972483034058152937827377134619927475209246351148234848584043978990090034623924928305840059031657710278686996282734054714050860999095703405942909113809287622990218684448430174119566459959588338787453496225737970883464879839489969215104717102179809295361547760105286402098477503469654547869571514998665945574188400360043093667387486778384670658848629746049883671781474767660908179876062825714931077434355756346081634571362672299015424861602804046110205566929926421243775612116931517630880961032682210868558056593114234514391344058637628377451285548350599214649277794967720699777807389687547565","2886099991932919710755627833936626300890336192328374243668929852097474945335196996985737332662609643740841632302787480171275695885048707214090980736432552143156551979983066836689335243418394799707184685958670757494546865249039285894535653324953290274995638742938676246445040473794421929826698308490688796309101163469143105996821100305661155267021535287329891387125400351530078119231057531861360129665991548635781719979906072598591782615590576937030529366712499002731153554477768965669770284364055513163849920278001507329920770809140608334973972114544239201767228348762934293570922678994760480444728220202331871959247989384368650654713974756124394311669678265770677977085583376157471727662098205481334234941574796612696336204082547415442918039839059904092730643995249298828285629836560342890334020177062261057946006197896046068727482229695273268183076988211987479374294901758189008792970992861883718614824211509544001270044144","MEQCIFXZpm3q8DC64EE+fzfAcGtE/Kt2aIiOSQsMfLsxcjraAiBldz7yYTnyoSSuJeozNxQSnTkZ0imqHDLdY0brk5Xdqg=="
"3763238295715857476973225913933444938691900893983098687924702296407161663999577319996770963838705916468789886127047126655095079522107178815126331505065637692431210290576746563421496085539798104023426487369699549864303931830567088206004720845278438335198450651543605912304641906655333019013885597584946122364829243776820963699246142942720997440358073818847047468276304183589692143119590581712481230064030798841249129961251480365144018108464890256605167321164149280251883783329607217740157571081675757866475499699991639759234510775572573513559882546906847741930348414120939353328018874958011453725798743801375576474717144475277831487215383148003330372759710011369459028783653164410415435465840223335612840069534905002744263076630801307310614631153616649573485923402267824579588393099982232813183089215102471076105138551220947840155104863276703358685589797893987349030607620725268339779674144699897493744106563506545352069269266","2993554400027058057025116586935727300746029494166144271865552393866236471674508626668732652422778031223286084201523039389589255058887024349975531812978441797724833993180597959709743037150284068046777480482350476381647711251803857714294767771451614240907462881608315118808665232352194274452265544223582669877900043344197792423279919277786260210440386894457328081870179146832631909723947546497144448274644511317308714853213031891462633280446448831955867289729001315387986473086046482428504289642449163468796278323871611672703740659672602352335415641819658208710348373754452142822764695317664749799567679827317051869716123400425816470242398956091795755374099812066863094261786283886116397461607762953770196023296548542690889595886654513370896053762810442737120891861298666992602362103252328762286875150078883276689067033587194722480336257617837892224349515155028385940243738069226908754877698714929878337261188055794881417670829","2108199702561904698946328578692048286514844189630063112342129890522765434091102707233487242421540119060732631563478223592506408366153849374389863422165643916357171623011462723804473739742595538744529682666106663347749794605214986683184933673926022748172053320721455695170114137712277570614668501958976919357218799274184922083897022481680123391419745029808462839743078804992060003571134332181265268309307961375937150803894369148932762676569573506702945216314080220276347363256205353628780815090332636795558174312590470935113664721646656990110074208392824063032733785438832499472562811873890218896335597242572264602910658371971498303263678666384144728708933147538023640564625214942888718782191338025973066150717485906482176043424037936059336209621446909024119896967230089821829283891890224629890841311972425525071777788103591011149242173190751538726027862749990922028228802632036251137373292200290603271359812743880832802585666","1709921487699307989035336991074116639992869053741072221167335583521263400814189451142923368325633097562759022688244279209712674350944989626781925370034262748720962126303868949609156567001947770659187837718987925994637252784652458675569280872260174190950953648271206337336511043058826236333493498838725691699226733416969677026174646858653754575478511406956761132038401540444880781963171671663342714594490507238059661751555620561782912978907038565345060501902916140353577926232606590193588653517387313865619486478279229933909222175451872381327519139632892256842773832350299144149814959490635308206090221588309301411572728693220392880525068546199350455448892046445010383061049751103241352793993456727659108997242464191235906502809053057305451119656069573577000999822420333423932451858668305068445689818298748825369760443242789100640339900207246455178070129426531888069122989348927841082658864921830019195956936560270919141210287","MEQCID5NvG24yepLKmcL1Oz8TcMlcTlvnFyRvsAXhBDqDWU8AiA0TNIAavoIDW7nLSnxQ0BaODKE0K0aETI93aucWtL7cQ=="
