"alpha","encryptedVote","encryptedVoteSignature","id"
"4036382391979709353714486877486931390588801662380229123538305431599450921479140608466847537567607888540296719407344013738006247998388099479856254045126593031755647270225514115181949989525319005473134520939655317515533446109721889515976462452557350823998068270930286380216953879709484563820792206256205185258256432862702423390862190840273070051655133683583493493001518786618975300484617577633979021359342728728895484997084644384070520469222722789151826763446891641080232366565494391058098174539398601175458967348020788324468172027157179507428100301282575501257850747926719706778548084483891375776057524024706996262152769516932774025739249231847055511105250243077516656398739174173412880263578694966829104812484815876375890786968596844853202310608224170008902665665080191841118025913307077133123118637318621454686698787216244071204979138721474651631429910874540347554413539152115496877454879591573255245310550879193719861377572","AAABgQCY/AoA6KQwcU2cup6vU8+qChHTcSvae/+t0PiC18uvacdXiqGWKUFMKHzpeESRvPFJcLHEWDupjmp374ijrbEQbBjGRUqk1K95g6o5ntr6yCGm+JTGrEyttgzvdy4SCgxWeikrd06mUwrzlt8DPfFeoixlGsPyVIs6FW9R26hGKBs2XXnXNB9es+ENLjZDRNRozyg7G/gI32vdXlyUcXZcQ9SDU0a40nZGXgs5jzc1F4D57tNKqyccibdwysjjHUdnroGTVM2qibQI2+DniILLvCsFiujjlHoSFMCB3U1ERhdj8MtGutDgN5+8adqOm7RYpbRsjRtlaQL8nr2u1oEUy62BeIlWjnenj8lH+uq7PYwifzKJ3hP6IGPwa0kkqLyfNhpdZCo1NNBzjMi9LMc8TNMMDLsRuS8k+LAV9jxosXinOgmh6UINS2pDlsC92Mqh7m17amYD5Xmh5VKtBgdBMkdoPZB9ir2JXYEaALaALrSwgN51aFdFDo+mmGgc33EAAAGAYimocHOIU3TV3RNooifcZsat2x0kVD5qEc7zjE/XWvii/+YQvayG++mpWYv1p4R9qgrTRaGxFDthzYe0BW7/Qi4/6lwsYG/fdzwLyAJdn1769GuBeSagz2l8yVqAcGxcvVnvLdzCSVqTHLdMLE8AtSsI/HP4EoJJKv+Vf+Czn687s3y2V/rNcwnJmE5bZTvbw5BXt47T4ds8qYTc3ieW3n3MNoUwmfepi3/GFQJYrtGaKQbgTvQDDeBOUZ1UuDR3PSQBrrMi58G5vxNHgeoqX47HEQAbErab4fwENaOqA2WHbMY4l9aaVMhj0LGXkFwDdRsh9+IMbckS34xGKSQ9xYhsczOETUog4/StnhA0kDFm5CX0ZxXbnoSIQbS1cEZMhK8aYjUNfvW9IBb8CQ8g6RuNELS+Q0F3AOBvkN7rc2G1hMPgi8/VAtmJjcfJ59vmudUEoFAc545kNBcPPArZsRm1PYpf9Q9lUIuA4BRIr+uZBC1zUKWG3Beduh10AKKh","MEQCIHNgCWe9yuOxrponDDTJ8oBHR+D4AZRzzv7sjhSzbmgmAiAzy1pUKAQKI+SITzkHclTagG9K3cdkCZ0r1KBqBBK1ig==",1
"1798764326803302667553611051050848663472626372638240767791203886859825687302164653622490027548468623305350782880880796791215763441500953649974495907376144728700624330178530102773691223737195393910767205120341771989794285402889771038877112753263931105459578143564396653573358513083994763084481251207561474462145001081178454585463938302137724608236873308703164258062292874412228786840477204623513220068625722435357607527708190024981638557355709205954378829626542410785629807926662892802052216761527548275229975052402071660698843022988403052008225208075111699479065487046210644597084868740989739510089668596482187847341118555267090974775446321297670792617141291649507042724383032756380753191654855823405026545965211231502938084387083570162681546411594320725265677138064901693242178741519476686225678998326166514174746208541938358933012759082257276058787761157416139589981809588836299763420850044943879072940324551047233201974309","AAABgQCM3H5ydtyYkER0ilzX9IzE3x4fWy1sReE6YU4WUfYQs9T5dIugJRYF2kyQ6nFozmeFhg64FqvEbDTKhixeIlbDJLoT3s1DDppZWlpXnoUzzH1spTjrQAKCI6ZFbX/gybeoI9tL+kpTztWVqhYuf7UTt8vzfSQdKq/uy8VW3FM38Bv7RmKfsIqywdH14+Nsn2QDMzo4L3I1AxgYoDZ7AbO/dK/6xU4h1dv6fq3NG2TVCpHEgwvkveDEQhWPWM5y64vCVxOnGU94LYVEFW3POEm2MAC7taHc/SSOCvMWW0mYqez45mXiD95AlbL33BwW2wLwrnNU9+lKVVSgVRfcCJ3ni5qyj2HCOa7zxG/JKqn5AE5VfTT8ZEUGTmJxvlARwSd+GFPGEd0QR6L3G6wJ++ADT3V3TTVWp8qhlwPUmH4+eIV6YtfeCjq9xfEX2jwB4/CeIdBUhwxAMnUbe0QKcHJ4VnQMGg2vnROislBJsc92ryw79er+xIyayFSA1wqB28MAAAGBALIMNAQyuM2y4o/WIm9nM2JSXHs+6texsB0r1hX+16rOk/uho0mFRtaMuyixTHF92izdDOKs2dOQim8/zxDJhDjldI680fNw/TkyFbc+4i577s09zM/JXIS4jJ3oR1xeT2U2fWI3n2fCXoV80j7MZyWQLY7MjyX1KSzHdwNemDeue5qVXwLBYRAtjVqVcm9KrfGmyG1SrsXgDRuLnaldfDe+LSGtDYVQVm2I0mS9GeEDaGMbSDmk9PHYCTUHb0y69Bv7l9Zr/ZKV3/0fZeKNUnmK3Z9houihZHkqdtTNV1H9kSJ6yisop4YTc/5uykbfE/krLU3TrFlNSEg+6EE3aB442tXVnwEvzDT1QxMB+vSVzXoFx6b6uLGHraoG3T0aVY75+WhcORYtHC31mye5MPovHIss0WeLs9mUxho7hfO/LvvfplwijTwkSf+HnBSEbGS6N1IDDH5stqpsjCCIrSFoKBvzdI2aTxThVfWdP26RmrAS4dFF8dMl+dZjBwa4mA==","MEQCICUqc7WrqJxI8NVua43iXhJhEMprDrfSpZhJlZ+0rxH3AiBPx+UlOzQ9aySmJSm3ida7QI43fy/VQBnbmbkBuny2xA==",2
"3431535403506545427882393117514259784161132329263787062638385973673992480558221266968995693902186003858019374398098253056274079110810231827039709789742145829571297525066036263643830776614694268566214657605289112577963158256685193706357540694415659614967764905496860092549141273933486736210043474680242786656714306440090136289971379976006352834752462977655262052829613417908663695085241965707656626861946722924849494440077117099348267072291820780422356571003396425624896779550999594504718181232034831233895473299100986786573863547939747086130479769121028925911406282933291295920431887143623192388319530576635701455660364463013274715401262538856546168829711503319205925383144204809601977853104660283697410989655688795196404581252356352682301807661012676131573535313508339104156849800745581413372811054495246919891455662947658380925676694187545498103398930750395107963908613918312633280381815835988359234498203364487574564805223","AAABgAU22KyfMy9KCtAxcp/cGW+Bd41oOXUAtvWX/DiJvNGq9uk0iz7nThBTeS4xxJfdOyQH89qamSHhy38/mZHEHTIXHljnoHSiSp5WgagbU4fG66G+O2cWQh3mvm+ai1YvvLWTryFgf8oo4qKR6ug/FC3hocLqj4TUQU/9MiQYhoPmSi4QxTDQhMiwatWVEzw7Mp2sTgogU+HTqWc5OSsF4IxpI6W62zEEvkPuT3REuMVP7lmPqF3b8+rA3bpRu9ilM3Ncebm1QY/9RFtZcav/D0TmpAmiRgy0FuAK2mMpyECdDIL/ACYZKgvtOshEdvnu0/Niqwlv7L/kVC3IslWl5tJi8op8EDeX7SdU496LuqAlVxlDWdGTccPbx8W7uJoLVkZmC5f694zJ2aHK9hr27IFQyA7ZlXZVxIqltiL1F2uLvWoH2Am0dvb9gxLV4YG+AvZdEQ2KbCc/Uz4Lx3t7j+i/tFDOhubg0auWekisx/3xShhbLoJFclHxIv4Q7Jvm4gAAAYAVDkVXrLHhHlJXGuAWmO91wm3qE6QFCionpTLnn4SfbiRgkPy9DN7xsmbZ0tbXax35kctXPtLNbTZMUPNGO4v9OKbffKkaP2m786S1amVgrT+cthPbFIdb7ZUhWVOocSvef1bc/3UCJ9IDkK5PvVDxsph7P7+OwmYPZp1ctuLu+JP8oqnsZ+FDSzOSkCSXmDB782C5ldTMpN9WFB/xRy8iinAz8sqigUHQQV3Q+GZOVyklVgnbauHV7CM7JP0DGaDfW/P7HQRTLSnmIRz7Jb48QJpg8BfMywaTTYI2TAUVYZY+owLnxeaRAcrR+wUWrFU4WMhXx7Y6G/dLslPjoCZ89K4tg409XbQvdF/rp+AmdeH7j3WQEPQ6i7GsxqRdqJSWkVZ443Gck7k5/T6PZm1eTHyFaEcUf2Awxqnuto4jPX+vdAmJL5hnFZcfskTeSoxGMEQ8lp1erOSpaw1b3td5UCTPjjCbzI/Qwy9mUkyYGgXp5a6eqbBA1Z1wpAj8PGo=","MEQCIDjtol5/bcqsFymB1bC5wyE75Fho7TAieAh/ty4POs04AiBd9fgSNhETsG6+hiJmJU0UafkGtQUm4SetNBtdCMGnbA==",3
"534264145391018974563681633286758333894202124805841922088651202725667571860228955455688549874995334560012813560913019694508486824895574715387448049961595692856706943364565345323446413336669229522448279739109179346413537811338686127872102873740646779570851273288721736257629361671888002220096081891345291710272995998634787484876129637239372731428400530195318024089417460648194367296242824728331104096583953765182802726577640394777951727406504179522765298874072877447401823489825071812567807787841593264579320717223133969385226244478925739812920277327626822996304210557432694477404780433833495045311485416168547487931129896659839307227798010686811033190817462669037422276812201786199752938688649725333382716369370784956208049538568847449391151531609777099327769636714827933195931999436544314766455981498617138159030824503589571959082542360348423174578542858671024098274086507381552222525401477004764874829178738684440745174638","AAABgC1h+xLbvoCBjtZVHyO6/rJ3PvzCfLqxdT/NzTVNkUx/9bSRJ8y++mcicctDdvq3DvCtF+3ri0rEMaqEvkbHqQRdqTCUbi3SQjqQauUJQcmRF467dRv81YGeHUU0GvKhFcOWJao/Uc9Il26ynQEeSv1rZY3KRCOnNxxJFFguvSVR2D1nhx18k/pLQewO6Flw3GmTBYzBsmls39NgYgN6riepCT8ImpSTUe6eCQXhURBbmcjLNpa7lYjML13a9m16/n5ZYvYUvKiPEQm7dj/cNCoaNa/eZIGTP6Xpo+KtgcBmC5rTddjZUhQw44lsVJbAitAw3nR0r0sZ4qan2U74inKHz+kTon+OQN4Q3SKtrxlD2CZKYuU2AWhMsI3drjGswI/D6Hb9oOt+pazStQiWmoQvUt341SDP1o9qTf4rkkjAzW9v4ppxjPVz0hEUT3uSDKg5mUr2DOhKzIjrSFrX64ABBoOM/oXHdUoqiN/L+YAzGjIkNb7rU10o8rODwlmqzAAAAYA/A6u355/aOmgCCwaYEBAbM48vCmkj0Z8FS+UFOj3uccbVYqhe+Xx+hras7+QIiexPIo0xV5/QTsFqRdwdQrWqsvq7PbUAQBA73rqXTE7zGSvlI/Jw3ec4Saa8nvX0lryaohrmXeKFmbTcloR3gRjGLCAxaiXEjbOFAhMLfsHAw0MqUtajYEZugdZoSYGFYKqFb4IhjEuFo2Web62eET7C8P/UUBSSgeXvswC2+sCz6KYR3x/3RQPXlgzMxjuNFXtCqov96tGJOz8ArAMxAqUGKC1HURpcPyQRsqBmjakGwb5BfjQSWYC4v771LJkId0UuwunVBROmSVjLdVFf/pMJQcd4GSSDaCGB0mkMWrbQiiOTS9P4ajL+urOAmjWMNOiec07bluZt1Uc11C1/mU5/yMzlDYTtSE0h+iP5EVgArvwsrv6XmFuOTJSa1DL1yLh46RGQE4PZIzEXVO5hQsBDlk7yaASwGexIZdmFn3W1d34qlXawNxd9n0X4B4uXhlI=","MEQCIAhoYqTVpMZC6k0b2TMEtMZBSFnvZF/IQkoo2HVJbyqKAiAOr7brrZUtGsFiGA6CPsHHI4rrse29oJ5LvSiXcGaSOg==",4
"1766990249323601525407267934043338738301419938838936521424595727377278988411894162948557455059617980448691884892091483303488852771307030111852704348291295315698112144661683679249364333205259906785446405568326998639769388884940883941777777876034571741546357896942733939335146818266378129702726654253010978539276727528217527648294446766912372206387155722314082671685014123902307517997227637601061687270571907302056754826485186827620666857539811364782801885526486006306758728422392903264526479645556915088187772042300420364391205445458777551885672584679130487087614728787785844980503420318901815408558061008324387882608791041533659273460493536579656430363111604097908997233384671396783428548569091635077533848002422876261815678463663236815448400498318765032139570769963305714312194391046464536794634380207205700896632118315827190540276057304704978870908955136483192808172043855849725814241342403262044010892147326006847718176219","AAABgE2lu1h6PE/wXVsdd/L2t5s2QMV7lDxqPiwypsvMrJMU5ZYc/E8SVIQpjsKJs3HhWSy1ckRrUcTCTi6PfDo7phpM11yDkSIaffSyPwXw2D9e0TZgBQ0OtgafXDxy1B6BH6Nz25XQjfViMQcvg8qMVU2FoXO2vwYbU8lWU7BZtx7f/Vyx8l/kPKreG6GwEY7f5+wU3/LmVIZu1DLmXA/Y2CvtrRYw3A+7KGNrihihGDwFTbHv+rUv3HEjkHCfy4CZOL/u1ZZ4DTwKcT87dH3HmagEuWzVj/a+MCIzi/D29RCegaPId4K8K0PESnVFpJX0OdZLdz+fXmXHh6vDvHgZqrqivQmKcSn81Lk2M4OgjpvbRf0S02qDEfm6hqa8LRq0ajJBb9C+V/Q5hCv32eUPXlLlOth4WwDf3uPsoLy2MTyXPs3KuRKOOl2LvRM8jIkNm9vtKtn5KyqRsQitNlqP3I36/vleTWUjBOEgCN8khjPltlQI8zKLsUCrR6tpvRq2tQAAAYEAr9L79VufsNPKLxT+snbEuZr905puXzxfwYff+MgwO2ixy/vsEFURDaLLf7Ay9wHrYA0f6CG8czZN7uyvcNYdvtAk6VZwYDdKpKky10YMD7YL/YjHjr6xxCzepPnkte6ueunr/inBs25YFB3Zo5EuwnezcsngZOOG+4UO/kQK4X7MeqjFCUcMH3+OOMYjeroWVdf22pn2Po8P1sWSXZaivK0vcGNUeLdjkv+EqBSbB7BYvPPBda7y30jKjJ9zG/MTAgYgVrfudSXNK21sLF66w48LrTHUs6KfGYJ6s6i7mbdNm+kBPAytFpetoty+4haP5Plf9gLuW8eUei/7cPNBnKSK6CIJ9gPYn0XmgdD1rv7piLQ/rjy+mlcVOwmFEK+p6/Dzr9wy3X0xUAg2M8gkeS88fDOI8MKlDQjjMyzo5DzHCzxB3dfZFxFHwoyS8YOD5oMscYeK0eY3RoFAbKRHf177l8Dq5YJ37/I0PcykS7XvjHJvSltyBX5R1syfy2VX","MEUCIDJPfk98OmbyaCAJt4jzNNgETuP0BHGp6nv8ChjW4GxjAiEAgEApKrFHjWB7AhYwtW5WGHcWrRXExnup5YBjt5k1Gi0=",5
"1346678309597466119036776256661524143298561778701357648090387435183112782847871861161476106227104590741474471582310986324169766277468230635564736292221121167248808250039084714658423015099231244479746973804059587815297478431880404507614011867234037959362466395025260506954058151059769219876323090154812035825549405268648619644662629208470404989312063411335666907091200123462628458820024576169366323625396363668674615613203974641854486768019000598180294771702116349006993620119037912947861776976260924186669229644130964790200090049320062416009634771772921200119834965824717811930833898214540220259141123542051399841778267526797961096658581112714288240243591521361993205032582905402815341162600713113522949863587884067069025304362957271155600434327267538028671791840018712278013735281777381506790244280597732257939554128452801716362802115671744351871801597608850791313851979191656529587037820055294584430389258248518090205245842","AAABgBQWcpomy6SauXQZpCiell44kzexJOYqBVE3ZLPP/jjoJcO9iRgJxX07zPOVvSPBg2w1Ywgo/jdFmh0goby4V6UGq8Du79xF4sx1cRU3SWRjsAlC6iEuMJD0ZfxgMtBMjjLr8iLPIC9EJI2Ps1FUlevzJPoFhCruIHrNNZ8HxGvUC7+ybG7D8cU6dvVgWiHLHB/t6LNce6RW10kDlH9Q37oiaIjBN6nRm/tYgUD0KLjznRN9KCcU9CfQJUJjYHkd/vqWqfO8IJyDk7PmCNlLEAykTrwxx34QfWVNrG7MU9V+tO8LxQHz18xAcVX5MgHzZR4n2JplhZ8SfLiD2cm7Tr8R4HJVwyHGf+J+UJwUTK+dv8yF3xnKVx3/GaQJBg5EI9WhS8nOZOlkOLvlKyTaP+JCBjmAs4qcq4V57lBIwI6CaEKAHXqoXNa3Bn7xv0U2pVyGyNYg/ytbQujkoUpfqktI1jAZqQT4xenwwP49Kp5AFnZVm2NwSIcEQBcISgzlDQAAAYBrh7UAy0KNG+jj5rpp0j7yz5XjSN4JcR9zfiTHt5dD2NdNZXUUh+I+9vwHtLE4SaId2e4/2yq+X+PEIQveA6Y9PNCZUajMKnqyCCpH0WjElWZTVOuq1JANJHYqr8RbRL2rjzdj/IDa1nLi6bIojrp48Xl7kq3v6zEUgpZ0kN5bjL3lf4hBoOWrMrvFhJamHCtmHFYH2g7yZf4h61DPLafyVzSMyEZ3c6V4TmsrSZ6bzQ0yTRBD2fwJXAE9VwCsk5Qp7NLeiNRd921IcV9Rtn+ogcbQnm+vZayS4ilHTiVeoaMSUH9PtAc9ILntbd9WZDBql8WDbPiO8/jdXIWLgkwinYEpUU6PNxNO7MA0nFNG8TA/qGszysCnjzVp4vLW6KFFErc8S7/IKpwVC6GLhJji+PyaS/d3M01aGBznjMsByQwLtMifHxUTJoT+Hfb1eisIRkvojn+cHu9w83PFITIxyFazl6DwKJ+Eq10js4IB3FQrhBz63GS4UCUfL32lIxw=","MEQCIBSBMdGmF2BaucBQdPD0MZqp931xbQiG8sSUxLy7U0HsAiAyZAbepTUqaZt15ZlhhbNSA7vFDm/XYtPHDOrY3d5tug==",6
"393474953692824782273046894475753730068250793552181771792900904635504474870150771253561356400731801273260577329342641771456882313905501230751639420209407539758195460379505232837361141028106591625501471017607357488814087935479391830042356477575519385318768699882218321695588426590226406027721922817666565969607300866625679393367442254205880660877188583557447422872957517347740391740972158987113619006317007920878942636565657765831376187740502351650440607912917651754714882118610504142493830171063326054039442603891851408961950322154250240757592581056071569780909908486829397471269658982818053887144122078718151331439135172349447125780944778180557074134420612212395255754338729743701911363741389393372582259323143829366337708939726584144051657948183006997090227170188020075783974096776576486583970114980185850282272151749202100512166128675859814109804805554833836026321390529529464272870449814496912135542335216957411862270738","AAABgFrNfifUT5OF7aUlR4zozCJMqghMiJSKdy6ThDq91AM/qKuM0iZH8q20Qm7WnSTQEU34RMW3yboosUsUO+SX+nAlKqab4fZbReKQn04EBkAZaQsuuyfgOZBiJaI18m1vzzuoqQzOSJycq7Hk3BHn/awm+Bty+fSKdi/Vdp6k0s3bCpF3yNNlK5D83hsN5kH55lboQURBgcqVyZnEedjn5fAhiVjSKjlcbV+4GZKth4BzhBThu1461U9+aDErpPGoa4E+5M8RTg6Qbrucb+/Q1GVbx4aHQKwxSOHJE+UinCOjzgyb8OA7Zv7FIBtCtdg6oKjXvqYEzm9ACRXFFf/fH+X5DLozcMm2BV2WIHgAXKNq/9BJIRU3sJ3rEJGNNYhLmAntjY0gQCETEVXW8Ruxp5pcKgqvWn+WWs3TOUuf2UCyqOMcoGDvmhcP0gbOIq8GhN720sDtzBjIqced6pus+b068X2Ib2sOox+2FTUeOo915CtRoYrZiygtO5P93neDfAAAAYBZTB0nbtnmS+btdqg48nj/CXRpevMVzBg+ghRAAs8/rq9YhLUMVwVIIbbbcXcKOcIR3HQd4RGtLwCGjoBxjbbyrhSfBD0cNjvD3z3U8PHUIgJWZPa0rXBQJaCnJ7gCTF6JMymaKmMyjkEL5IYfpdp+Y2bmDW7Ub7TjTrkKG081XybT9jUIN/6YFAByMKPFO6S1JP/PC8JakkjjqRrcOLRZu5rbQ+FNT2aJTICRulcydeNMy/NyQr18ABG/NXONTIvAPWMmCAFUhvBQEAFPGOCbFwvACWUxZXX0ZnJxH8ZIEq8G7fihdvF+kyVC7eixM4Md0zSDUnVvbInCvUfowFD+dyG8oK+1DRFsnX0FkK/WnJGy95Ryua98uCkWoCFpCej//g1wUW4B4umboKsBLFz+KkFbp+1ABQ73am3T6ag/aXlCNCeYYwHf5TvUWJbWGWO2goVXSAAGi/LNzvbNBODpK7PmgXlBg6HOgceM8iIwKHloCa8Sgs1+XdE/dDBx+os=","MEQCIFDw4Zl0mnbA3DAsIZGXa0H7VyBDlcNBcjqTavKDWYh2AiA0pRwPfzfYIjYk1CV/u0HxDzBXiypcVA/7UQrqBLo0xg==",7
"3949304029548968731920800253059669248766345586798787336390292616919870461850278384381028162844196110732937517126623344650985124971802505403445875485180274027339436939694171635949038916133458788287439123335069210528222996305173097143477593586121546680753058493157860705226278469543858554242783515238121934535377708769863017106607169155665876008912783695447004922372539132857195825306088838528801759272887382456487842600777856093777293580670443332958617158593540400195137063803283211968110596052975006162571131008100949330941701046608469446536925149389674837943429340675995834464554470024098038025085081594877761500141906504920068185227276115018719726344647814353280983450576643062685992097304154967315932804221226868475045830866737245652513817821454551148060253611413245823361093670296578118231297445211064291735862824794281707264535339876724377965204146469277004235667672701236319848781496486551937873074571268453284780997696","AAABgFkD42IPJVOcuabGCuW5GDTqtxUp2dFjQwTETM2m72WRPUr9l8oazdyYZ6e5JdwE/jpm2R1ir31HzGzHGwvpDee/VBzMHSsccEgpotaa1gnzFB0AdN+shBLUq4wdA1mkI56VoNI77fMgk2AJXHxjRLGZsyUVPM8o1CcIG0mf8+B1b/H3eXfDFP6zmWPS8QiQfEPw65QX6ueAL8NgcmaiU5fhyqVLbGnUSab6VfuyToleW1yVwIhCgdaRzRTobPzOS6Dez61sHHXUPJwyCmlrFLo0CzPH1hgtNbtpLudc8D1orQd7DwnGunariwERmUSar+udTU5r0Qt8yjGwZjxjJlv2x5c6Zvql8Bg1WOWPU/HT42b1k80sEmnEPdzIzlOJ/CLT2kJzW+CM+535k0IuxWelaATIZSNaFYSmXDv/HMlgLdmyi+4nz+NR1KfGMSPUa9YlPjjUQGYVC1rtFUxd1BEByLiBkh4OvyGHYYurSqjz1rZeS1EkmARGmlXvlkfSkAAAAYEAqnFE84te7S+iEPZu/9rPW8AcyjPc/AGZGuOQAdJTJRbDhUUWTrLDcDYw7dTu28vS+Ws9l0ySDsT7tG0OoQmE6w5PTUw3HOWP8mheysDIbqAH6MfUG97UgfqlU33Yp8qym6zTty7GLczF3qE29BOUpYmqI0uIZiuFLx4wyZOr8J3/TBQcJPGQWbPXKQjRqbCWQ782Z5VRT6jOZCc39iH+b/iyfbXK9sBIoGmXvp4oN/HqpYauIjJBTMsI2xRLdxlIMou6sBEkiVEamSuQs0PMWCe2q5Yg6VA2axM6pToFjKLNA9dz5wmPexBmuub6HKwBzrQt+Dd+BpgCyOu8qbjOhHFvv0XZ8EKEjlbEJtSjF6X3fE++WpCxO9g0OSdHO8/4lgHd9GZVfzhgowm4dfZGWxEGTCmZq7N11m1KoCi6ooF7jYSWog3xTf3TN4gxZWjzgtMh9sckfhUdfl5f7CmKtVIRXTWjvEGGCzC+UVjuGpuWrewWFdHKUL/StzQUw/X3","MEQCIE/RqVFEHuwjSIOv4aX0k7L53I0f37hC1S8lbymdzWS0AiAlFs2M8iS3m5Pw9ywO6FyeBPEYaxQ0jd8r3gvaBeoLvg==",8
"2321370807194540463960442884189577205112298812155824885094333819661326956268697592173374236675167509299592425200668465252242623706707449737751772198612894746468529982101790918862951176828994215896694159381784863249983917196315314951259175415650527098123909050289111408982045613840674860629437314577024066422840963378923171626284420843434612178027733631053758114762761443071691795575482451699384863537305217954936794067927556843093475359878566534307959240488704917481768576119482399221857168696779961439559382987426709939077283887101449401831976087223625008559005936773070411147691315795805345420801494968020212367805249028097493815846746330939223654126106826405595155122769010084353814789538922939923169067111751544054460228074753743095166128827797119105530666835194334795322122060125942735640064544670991051014170425160306548758602411034886547275189219633902930291092298289051999478804565025902097450418037042889103801800346","AAABgCuYtdL9F+9pn6qqYBjnz8p1RhbxTy1LMEg5UE4HdCd90dfYEgPhwMYE3WpIiZMPWoORdXFozgtDEb4weXD88tyyKiLyIoJGPgGRyM26dVhmrugCZGu3q+CP8+m/Y8kHJcSeWQl9+Rz+eCnYOIwHyGjnzAF+xR1s35YeR6yYlugSm5HvdRYh1jddPAaI0wI8FSYJzoc6YtwI+leD6bcZI0Ow8n5GL7fPomQOeqZ4B9OyaPOXhrc5yCO+Eg5V1i3bkcBBBfvLhx7a8NsXTkERxX6Zc5914aqUZSahBtSDHDxhn9WQrZsRFrHZcUAFzq2QdjyTMt4UKpjhE3lEx1gNI5te3g/dWp/YDzBLBEiOz23q1gSzaRkM1mDmGRLRSIGaUvapamc8yHGEuhPngwxcHOndvHuc/V39L1+1sG44jgDLqcp2G9Y/EI84qdJ823GTPgxk5hWkkeNnLrx67o7wa5YxTPJC8bstZDfvMcQQcuxjG0l50ERGu3s66W+MQ9pSXgAAAYBkn62fCkZIDoObxlrRRvRo1cJBZy1fUQO+LDWDjqrEAH2wFZs/gqfJKCCG1RXIcd/a6ijDWUHM/34B3+xscq8MBBH+gYYuL3yKhYM+7YUnvN43m2UQt+NufL3WWGdqF8q5ObBqMCtz9FqI7OjZ8RpT3y1TCF8lzixoiEQPX/gkzXuFGby+p29Jkgs+l7rNNvHtk6JwDhZ4Wvyr93dHsn7ku6jNuDwbSyi2FJbhjxb9Jjt+vONuKPc2g7EVqk1KHf18Ixq9EI08pjJ/0HudzkTVDiSvbRy4Pqm7FCv8qWQzdCOjxESb1BmS19nacxEfe7yuXFbnzqJAbBAwRHB11O2VMVidmQWj6/hYszNn477xHRwNr4RujE/rjSRrZSa45mcIMTD78Kq9xFgtG8HS8CQLPvdJyxZoatUeD5JJOzUxwTE23l7BajiJsKgTYslvpQJdD9n0yO+mnyuRud++nOuDGiyAPMmgTRZgds4HO9KsUtlrrhX5COdbpPQw9egEf+g=","MEQCIFXZpm3q8DC64EE+fzfAcGtE/Kt2aIiOSQsMfLsxcjraAiBldz7yYTnyoSSuJeozNxQSnTkZ0imqHDLdY0brk5Xdqg==",9
"3251635694834289453903464419969493540862716854327442911068082975432603395881000804460528884835207221730178115106247781322156409865760143211527306540386211897066294620560323982668663165897720775758221941358984179838421986164964926317004513968205694024472023431025328247832472550001995622100199438652772221286914974219906312989418534534124480938080798968658010353831157023518171546210849212626633366529779153693602802622045262086618177541745925053173944577463779314967488897738596524864304089441253312285093096265144596137980642435391223426940478818865191884150105296917442858141126537729364214376234091551040091466575010649344409397792861166511024352855932846366485728191558557768877136983227886617293890611542129841284312069316366242223254410364912188420105179980768717548086229059495381637455108513281328870543935415450886550033533198477982776976898756349227686115567955389842399175405281549645247493905904923624320161125470","AAABgQCyQElhdD+Z0N+4BSTjpBrhg42cpWiWEc8C36bxqTXwwtXJrFy+RUe1GwkGpYHxNwikDQ9i9z9DNTuYYeMKXxat7Pd9/bbbTq3ZP98H+0Nx725gMsmLQDfo94iKhJXJrFgS9T0E85f52MImjhHfzK5DZa/5Y0ais93ofTF7udXdUqQ01CPM7QaxQqTur2qQhuNB/cIorAFPzOz07fetjxSdYJDXciaBRSoCU8JB2/heRwT6annA2cfD+JMMJFI9OkUfZ0F9k9yJYHZIhr6qAM3FWuG++u7sJDWzUoCn/mZGK7lNO/Q9dGDJZWnLKzo4FPBkDrhbDbZNR1208S+82DKmUbORHHlvory6U3XdxGuIQXTnLoW9/jNe+ANj6vqmgWDEfZ4UYZK9HIITgJ63Cx1kMMS2pmmhKyZlnKe92PqoWvU6K6jCFwuqMgsjsrFKdtsxCiqdtjtRJSqAzVZzwGg1xqEfJnsWNcyzZifQ32O+0KZRxBZJ/7GOE9R52a/qeVEAAAGBAKu8CnpxJ96TDuqhCpz8M8m/v+2JX/VOib+Xp0nknL1zqEcaC1vmdIkEfvQuPFdt/nySJii/XqxGvsldNrzHkiaGhA/sR+Sdj52eKZd2uqpzo8UeaXL6cBeIlv2lQSF8xznPvSFjZDX06E6dhzmT90r3kUdG7nr4gUbBeD107pixjSjuM3LtVvMXh8F3ywG6QqkbSMWrG+k1ADSj/61CNMu8ZlWR1rwiR70vvwonW95hiXjV60kFkQvwKUhyM9qrG7zDf0DmAFKvdPCOI33C0+VcOhVOYGZvECPWMdJNJd7ta9dmXWEmMyehiIMRvQpYOABQZ9i48knyfielzoEqzu8csPty0e+i12PUL7VUp0kTFL3PTNdS7kRLf0gxrjLfD8ySNTX+0lVyD8DY3t1dAT1qgnqZKPCDj1AprRZb3BBQqvVtk3ropH0VmB8U3A44VRloHRvdKyowPCBtRYCntl/Voz7xA+9xV9VEwbr6wR2MKmEEHCco49xTTR5V5lH96w==","MEQCID5NvG24yepLKmcL1Oz8TcMlcTlvnFyRvsAXhBDqDWU8AiA0TNIAavoIDW7nLSnxQ0BaODKE0K0aETI93aucWtL7cQ==",10
