"beta","id","encryptedTrackerNumberInGroup","publicKeySignature","publicKeyTrapdoor"
"5416339300025223252209346341933832840746783291131457178617325473432562045911831340911998343557582632610355022680753723473611443498989207509970344614448494310297622472782019488191123157675111653646158180452176477011923801308494876711679251744923620737243228206814628134933119944099836701088876363154031115950376045905681002332908111888907344095502410897206769184872210458666369120359775316897376244194996614044972276598735936867522237776033852042724204723588178759577999491639528394762565951269609647225659991041229664307307561862882461348738405870466044191349679945635590369816862634935942727548324064008112998764731310494591477868058151696303086267518545969279563951342457414355487248276101077925643956053438847792455909824701110445570831337876058998004352245171579331289225395703415622569302829042109792573571966647983546875779677212635569545294710832037961876058767935960612394006338326458950671995364565357628703544553919",1,"AAABgQCCPeH82+wwrmotlMdVOVJn9Ije/AlxWTMSo0/IfYpphnA8/9h92vLnw73887vusQNkZ208C+vUV/SI5TcXm+JdUX9CM2PuvX9pLPF9udmaSqIslSxMlIqoFzTHdnybfII0NW6lluMzakwMRuMqZjrsi9bTb+VeU44p2WLoz9/ovSudurQrmqMBxAyY4vx2Gn2WRxOjTdK+sXc7rRE9gLUaGWc3U72ZfCe7fEgUuPHLuku0EbxAAs6AwB0bli5vPDeWn+2w8IWS6GAtQMgb3Qu1eZxLgSeF9GnI+//TctIcRZgeTyXaB6OY1tcSJUdknwJDiUAHtEv/XSOOzKuzr0bdRQxozcNFD9UO2AWy3fJ1GpqwcAZ7EsoVOEdidRj54YN0ybrN87Gfdstyvl57geLOEAmBIgcHT2T8dFgTK6Lk6h5idUjunlCwEhoBYoGvzmYmzsRzTO7Rd9h9fLwGeP1se9L5WrM77W/VaRbxKQolYfo42Y35EvCgVD7LPirzLjIAAAGAYxMrM6LcPRIPDpHvIC7auPHOnTcutZc9bh5t1ePwX61KCvZIaiWhwRrne0kJbDsYNs+iXlLXMcVRP4q3afkFqfOYxmlT4hT31+vApVjZGZxiRlEXXJBbr0Gyxx9uaall8sB43jPXhOSrTRFBlQEfZ7jFZ/l7w7pblhc1By1mKT54+89mLk3ZbLbG191UrScqgam7wJyW/Oor6reNNPZd53KTDjT15ZzL4zMNKbWgnXz+hVJXNJeIONDrz7/4r4hGYvMwrD0mmIb3gG0kYVAyA//4s/wSTLMhtK4tkOJEG9qpF5FVeopKpRcjVUQMx3wLEUZ056b4q6ZLMtVk+3UwN2z+E5/0iZ91wtTgh2bs/aW8BWYH6ZkdwrJR9swYLLes2C4Bvx/S3UCh6bVGGyviVmVfwYB+nbAIjXPvUjehdxpdwMUyfbQx0Mcmc+yoAXHpQbo4Wt7F8Qql+sBAcYeJeKTrk7fbq6XwRvQIkRRYx8eu122oQGoxfP8K4dRQhsc8","201766889595073215824414465663924323704120088222423510505682253730357998948297729785019223779844882943935279896279711212548233112606892956461685178575897696561288766402647159116285072862025011246208411632100352341552397079040614405802447728018086075446859760419145731227444260454986253106132518570967530596223115662439679636280698632685199247788443142690305910317436838800265189769435578877870716633479570620392562493617706459262651144084564313462712207159305076987140302895087254131956353381196513828179611519609741779569129017661338861951433760616944427660656929051919836534180461026573737095954757476264186093101130899276221705386070808543861585910783969288308333317421235932540461291125161625732555281154020985925984798918108818926672564382952079483258823845636830355436927551991386148062570624364457006901441254685745615787809911553764045455955452252673370972505588923382935937656964848546947626627423500202174436453184","973642752952969236951220420844111854715651915133293441983762656224959813263704902995805658063838466764007539739933179324087142501405231926025350346672660547112182268789700054131909279205637981455702664490883878798504530070216427423629702143289486712256959600836355032561748374762950903802979936394864978213089487880716485480108903313729417071749409554511902998554170958332257195880327518535530556915576438354237819420077780445020827585931520944228795991332161439310687199995962148995639070884773930866254281779150764516400675395198003693310414958038902524333633098338560379364564835924648046005525913707200115375513067905794386116287625416631514357656686828492550980428987343268916865763140658828725264435407376850063116161303282853736913557981530675173430266569338645590411017221502346468519795738449836195011458553812408638497663881528864604665351712877466556370996551690166666101312418637304966498081161372748483742604684"
"2783668594153170701210261284198742189466064632284484083902256269145430278053757685722622258761371506238170104986370732807886932142737789131462766299139349841219041488463123842315441632334025877869125205698396084308658966802322195706041327915777652471366824677025207024299132306450037709549118815247795558068532928813825749370917623109490902963358489314016686127567374267809996724265433571519345902742865710155816787520717184896962920976833835320983549916673072551519655927119120169929175197237348633944410479754360714868453024978133777092142639100587342675565733652478918194515288625813582938771605390853774403961033087904812989928223382232890960177780843228405938455352181144138934712932072294717067769430316730510008231593066803948199594208150261097618650416153759090740871931045370097045524098505865193254231359706354887664437882304198967338863883171458791186476573625688983571113801898725806836783660586623648567493678964",2,"AAABgQCahb+iuL45bU8blMCcHqferOWoQknvEn/XlCKeQ+b/4jU3J1ERRL86ZMHXxI086iVSJtXj9PGiWi9jDfFH2sMMO15VlFvw7tHuHPrJUPM0wedoZttlcrsJTMTL0nUNlcbj8CVeoJBIVEoJQez/IEMKv12kRhmxt2nq0DB3QtP0f/hhaK0clC6VTRj5GuKZ4YeshkcAZoNSiFs4ssKI79NF8xkRDDED4TUeUGy5T4sYAFFrX6eEZG7HzJ5ZOsksWD7LsV7W0FScNb9yeY5/IfA8hwa458k9Fu/yzQGixPSkf9nLoJVtDWEUE/rrwakAiO+vd0GJCsW7LfmiJ7XC30u7H4oO9imGDTzx5SufL0gK86PLpe4/2Q6bnhx+opEQ6wnEj26V5NGpD7wNfcfNYMO0wOsgHQsCVxR4jFc+cDIVwYrG1Ru1jzf1d9NIy9wC+SSPjdRs3aMf5D221KN/X51peZSmbvqGgthc0D2k1z1aGQi6XXWcpUkZ0yaFmQ5I2UIAAAGAFoiBC+3ElIufZQxs/VRMcdEC/OdbvLvkMYFO2iFTx5C3tPxx8H81ndI9wgcoV6CUxfhLi9VqQQ9+dWCQifq4Tu6BzFv2iFAOZYSb0j7sEMPqCkGZMm8W6pbwM9r++7DsA6KZp6xXHVrvL3ivunkmOzYigLPPycBdJ0pRBp0e2DETFKBGGSE+HiNmBv0klwiKVVJSfKtNX1Y/H9BS0fYjm26HI3zU+j3QoRThC/TDuL1TL0WOV3xEO6W2rFicd8zc1syh21ObSReE+4n5qWBRKNDg6ybqMQe+0EiHsxKUiNtt0UAO/BXQ9dQJh5ay5VDEFLtBWyrXH9iaunBeLBMEUn5JH4MrF2LsvBdIWJhzA2eXzo8OIyuJjJ72bpjGu4Wj3Bq+6HemuYyhXUJAKr5tqZKbTn5SMNYUsjICNgZ5dvVx7aDkbXzYnFOxRcQyV1eJDoq1Iby09Qt6eL2Z1jUk/yWhUq9MOXzAWIMJshHNCFUXPJXcwqMIef+hOBGDKPNu","4280042009707191086802166335826801945071157344206599401419091747939562346854894197535973595385219016447309617715315095834788675062921533520186296389230995126575004228691694714594551108323160400107914691242909373708399630781823470522897576386971249107693532258888817757346538885735607077267082965501930288312680524475196632432344848810533184820891222393369558883673181355213424417687896363456444282456273544382557805964980460772423182513986146551331562031440579687177272542429217727042027900590902811203191640991211709640666200292374897528062913688561938808054335827565476646556148496239960752190744607151965264532990509906895701854141132315700282517318762854627992683186921138354033606513688493514403651536375793001191977894646885283905588194644741702465765620831184165600818803476404355298318800756065601062087914478040452288164547107054874004743324540326718755951085874604018559621058712929130908079505961858030681568265861","2203048808035690787955683645493587510060469213855327945047003817197220500562233577496794645023204331164113090828561707534477581070320735914011131959912191524127045989629655348495361654796162511084905363288653652104911615487759012711044398132530935205546186371065166792234832518933160048377889361505609143871540906732348649876543094732484339936982644354319077783575786425401282853820259092783294650986310900473392792274951112194949612756973913146988147527445040061850542952746841413537013378925856006682637552644794247118641460258593359486197748738902861386550384151031814159994823395510217719895972597613662130774954072315981188014558632818794467690989649690562601244989795156457350133333976721283516033875457775348177120879734664218584589406555866069194924206279450400592452307019170952622350718037607591633656232948452322424666711113270655715893944244680079368689805195570864916283413477163486825539006784463076927509815753"
"3728994579245656056542612277557790443172340792303200110809763081543706503788938949570708148384286810052310710034707848010439139298094732847488138452291760039229394748521713233301682810942233138491531987414561730164241573950703183538465476055734805312297469192735745787147252940585322018500009353161405631268644357901528399563169820143431878050943641214510164530378845054881500218124438553475160303583023653973152652795217921570057217424659243373096826330017847518725367535985057154468655287375574787488380421936200801153931551372244606553411902793141988248346861388167831733054908708203161349402908090948816808778475278021748040397967146070491054034415869072636664324283909323196659930889937907848906722248602785781654051421828359338620030052472970269160696897101304000289429549759946822441020870106653684654538813779794994031951563422675976383213022002269929747018546764787554139614210421111394304151716676836182062570900107",3,"AAABgHXcmBRYo5LT6TYBTMMXGXE6dKHKMw0DIg+DFTcP/GkfK6OYRpPdU+UBIHLpEnbmCxSeyqB/488FT6MaDOUgjCqEJ/bPLFmfPl+V8UtxwUu60VVSVwWLs3MSbJlYqp9I5UgFMtEBmLU/tCl1bqOdAPLzvkhmovLm5dPXHyDgwv1vQG0kpTknm91Hhx6+U8iQXBdeUaYgoky67wgLEXbXgtp/1Np3x/WMnTUWvGPkFLncbyo1KS5uoWsO+aMozCBj9sNcKVNHVoaYXIgFT9y2BwOU4Sv86tm6/LXsq5yOPhvYXLnSz0ek3YnJQyB7xQSzzNzYeWKMWcD1dy8rNOkELBaRNkNtvkka+jUwVIjkxduyfcsGklCcIVKuTzyQ9xAdMfxbpUTTMFaV73l6tto8H+1eLM3zfMOKP5903KS4RpSfuyY2fpPqruuTQRfE3yOY3dhwwAFgCCwhHS1WtdXQG3e64f0+uoImR34K9Ub/WO/f5UkSafKCztVZP24kyz+yPAAAAYEAyijMwcA/kmXgWqPULYFcIgSI3tdqOBgjgAb37YMkaIBW25RxsmPoyzHNKcNbMowmL/2lQ8d2oRoCG6T7E3UgmpzdRym7B36zQZZBbMgzknj0vSv5jxqh+2pPhc41T3K7AdBD1BKspOJt/eMFrh4dcgYMdsKT5dInFpF48ca+ZL1sQaCZqisacwYIIi+qK1oPk9LlWPYvZFis6nyr09WDI4UJvuP9vlULSjstnjkSXpZZr3oFTA4Rm8gLsEy0kQywz/T2NXF0v3gBXN6YyQfx4hCg5mFYzvOZ629P3crOBEVhVzs81xwv39bbSDdAkavEjvq84hhhmevo0dnfJ4a1o6ObjMgVPaYnWvl5OwT7n7A5uoKnnsWrenLsMScQk/w9wc1XGKeQFraaSSIV4wEQtW+Y6NCRiVZwNQmZjHIrvh/Le2oxndl7dk+uSu1cRYwi9K2RzXsgTRV8uNT8N01W1BenuHMByXWv09M0EG9NtKMMSjSGUUkivxCGiffT3Ik9","4103514504152486178271344455306420846971459008819007202223966217838641967440290909464692009919821305580681153243110434871089454331519519960731378256805284727923685399568958837879755849367931406730664287002203778164856664516032029243279300937086991852892592429017964102050380932450959039351207729006128808493770542542295256651780397968047485057574283430255243626161221271991769018762122093387645719916118569733453964033196121895025779643403277133589914514346411543063348962631872879533489934049112744155417569059507487017866761396102977863194322748433939919653918660159217914079865850840839906601180241607454926568127400840390220714088274787841741626737819261911254626905340816725876996665337734907118141872734354666882086860849012260895897494038147507450955083403632047597400395573665421638253708520378072108776724716403931648269080400028617152114735677594495516652760121149897741623126507681766183021390196057698326190007640","4564784665911176289198446148214250214020942627803616063790493598899307316288286764237174361782689083760609070391706518858834019779629250663961254641640750584748548856390464732552769551630262710130466619026099983274644765146558182046825983252120516422934702994279634392195056290172684252524812939905707064325103086166785095292408303528034833015404834189115285986475132671501253426266540562542228706996981594135022109028802744420342050270678731935717742635328207146405972547715155385046688146199726865964567554186593313344485366921177228201769303525707908887676878376042233019875181262682370098596771158808255944729097322241454063703698161053112635181598039826568496010668692167275058325004206173672060657516812372141431191944535434491034511155203982853058391938074054756232756038032518826842183407531909133481751621142923279232100711849944579056994000137936996245627388440361141926932263485761845930710366039236295003005218437"
"3742657610851409983503875382803731545844504865083546122138902965264825441242549505485063024080978662856109663782563681168930784762633081612854182620222093892867552398849120847988649871014632215458184741812426969275958007232178730705589221109361772087764896835321809358998043205085245957246153961741447468322402074290210556258415594313425218879805862047192532621032006888275904110045421525928544006429256915799343307386674977331678667751071825580851118611666298269634616513777550267344718540019176268364736168997208742224995918427807750134868367772313386030320484946757014591880743947433198403932273800741207275954063232994475327960444033372637072718769752965284019949469582941799122580506648375421873410668393401465543076354531438515956828990852565214002152783604404589542291900747490048900602800226357028960162056567262323105794867390513777554606317496409918051388034602359364826826218500062128997618166540764844037056492028",4,"AAABgQDdpbvRco1alaaY9ITqg9bKFyjviDWO7gnfpE8m0daJzkzp8gP5epAEaF8GTzTwHIdEQ+pOr8YKk7T8Bnh/p8zg3XaihjsShQERqWVQUJXixCh8ssRzBAzXRfW3F2wk3Zk/C6gb40hYFr+AFHpF76aKep3q/8rG9jcZBM10W/Zp+75aVjgOz1Gfr4urNysHxuaRlE/rLBHPCS1nYEKNRVTTNlAXqG4DCE8UaPidgtM0lAJiJ7IQEX5ruMVGJseuRMxER7YeJByiSA4tXhyN96xZ9qZH+dK47cSHyaaAb7HiqT/Qfsj6QZI39/7pNIcuOtbRq6DylgyH9N3pCZN5Gvtk8SdvtXK6yMEu15Z4nxEaPF2XJmp0XR6TluOuCkmmKng2WP5B+2cEjUA67Z5R8UEtrK3A6vF5sO/5zG2eZs2ErvZMLnuesXoKfpUcbeqfMweODoytxSio9+w9ypBuxveTcSRFg9pwtUEAcwShr/7VNxdsPEsNICVLmwsf/w9loLUAAAGBAMSsB6R5jI6Y82LYBT9MNDvBvOxLTxCaAyBDnwz1Tr7/zNKMSIRJQbHu1lLdEIOA99VpXP5x1GdWqof4D0NfWuu/fS42BBCaA6Mtta+yHjEmnv7R4eBE5Y44hoecqhPvFTAXRAjaa6fBecUAe70HS6H2MtUFpGI9DHuzkuvWqT4v+jjFtiLE5m0WVwp/fFothqNeaxC1KqcJwi/4KK3iI2l6kbKG0HMq6LC1csEIDzKy1WuaM14LYtrPoCXQZJihtaQl3ZpN/ZNw5fouShiFjWvycdDiORa4he9nnjkstI/xNzWS3whMPvbmdOrbrXbIxeMxqMW09DhDcUkabreKovjSrAT6+Ph2wUCGKcITXDR+nTCBz2FqhQ2BpC2ZQEo8kdPeYTNP8/qAEirrwWW3FSIR7I4Tw1/d1mdZV7cemnJj2akozdWdBQTolxQvJly2JgvUNJmzC/YWORlSSWV/Q9notvoXl6lfjCqZlJjniEKK/R/AQxWhICWibNhAChKqhg==","5427257216459401189852687784929495560050345313786979256606904168494771219556871515316385638482978999535018103457358592279861712977596471616771104692160264112426225146362715535002640227505360317566641906433863304512189951702211952280330257180812115189598823069729340448218003782105645432027842618880905307681391150068214125213003780351115667572388595339605345569441979160463383768992827699382560513342619903335691596501140142671516315713403207078822733707371517563452164710505894990118537873283207128603332215085439812423174733011913813756246191077660774643830202586253346393590657789653220613184064046266336530422236230624501695900163657410534764991794878166362722987876889524460946793622991593134741802353503307770925294430839679371652144694411013749934918364318839157701808208466734492270207212685880578378383709007774337432282030019261731884520142491561639317065593932817619694325017788785577800410528616754103075256237200","63465489308349718445920296198433590045538024539750890532305640243005871189589411295252677691992236529388410306310859711209371450604230409906816455055588701638709440066854226503536000005861947058240972385241285832339208514333127235592111590777188944077498114838748946058587122763718476426628337449440853797731020752907103394721281907422418004716510326768526582033309845619921435407285635148242314523054723822343070048871670002867357269424970948375919283143592981698967795208013204164522766155042505785507168804575627399930260100785368907627268953447194765482559306162364655916250737245814578648216362334728907681938335875175477390130484858523569326122456211016089421402556309635586670907550659064385535622695782231336984395010771384934251924956183199653427745673506903732279521598851009480117454049100393278403128017709846657148114419026553405732683434208465933529136723302649459685548602417348619047173475762721889343757483"
"4689291176949314870142550529465350311898649368357316588855406909437246761112474906185859983091313874912416216125561160410740297505626207240218714307187055868468629307271210003552621230133661318755571671857101653945041001610483249071651760034684405930159107381697430824442155543789952485869164432740645294674530669615911848325278343385891391752745181881893854071867056902185963219546327513226640971448217136345746206994173660435508975755400796980469178513578604446702095881125056495110959116762819577837883551087988871904515711580566082286279722188831384864127738814351945819499013483610840034836140496910551890510171764462305845748813701869020111150927315218279242170299123694585501365812827606924320984758304226228901856827925884957697605422092284129466497079191575572626121680336230929210836500541477908068911158087927175266242825786331178389338326535676044684441013797554864356105316145437057418048928081428158756322681236",5,"AAABgCEzxgVrgn/M6tC+c2dWTJ0zglOaf2jGG9eDuKECseIr7raKOxq+e735/1yx7/8VaqqfcRTVWd2qZQZPuu1JCMuQFqsVWgZFw6RxA1uGd4ECqhQ39ZYILWjUOgr8NFhGdyP4AO7OIuQ7mSBCctL7iShzkax/UImZnF9B0/BSwGCf/rCsjXuY2yHtQTXxef0PaTuwobc7PDvFGh5j0yC+40+/3yeq1icCgmRkFgwx5GGLpa6J4/RsLP60rWjWNzgnbcKZEbfnAme1F9jSrqxNVrIp05xGaNXJDyo9N7P4/iZbXZmNtyZLUSVYayBfnm1969fT+fVjlhLz3qSynoDVGJ3ZMyfhqrmmExLR8MSH/CZgo4eAjq7R8HiAXDfY76kpkaF0n1YzOyjwdISdm61Q0CP6ms5LGl0UQbJp5N63RY5/z/TS2NfoD7J/KpTyvPXXL63g46c2MJCq78s1/mP124E1lV4hpy1Ghov+Gw/Yb2WDbVCxV7UVoRPwKxzeIq3BqwAAAYA7Gm2ei7mDR+UtOq6vYXW5BhHx8mxubKj6cBv4mdqsfV0k2VccmnltvmjmvI9m7babonUvjkZ7dWsg1MfsHJo2MutncUwXD3lvSubhbFqlfbueQRcvmUo16K9/tqFXiK36+APkeLLQdIhYwD8XWjs/pa9A222pi3BO2mKHUMB/9Dt6j5xl6vyZUCeFFvQCTObEE9/TQ4bqdOhaBIyqdSvL2djjPWIMA6VqBtrsLP3U0gkxukl8tMVl0/U+rt+KZ4nQshI70ATujA+/ctHEOsGdtEBGdSYktV1y1ZJWYbtUZTmKMuRKPkqL5CO67ow2mIT5LxdZ0UpnAodcpM7XnK91KUI0DyC0rE06vdpNyPKetAmDQC5/LZcEnq9GCgouxhMBpnXHwCtKxTjJF5AvRQR0w+1YEZRr/wtU55z/Ufd0u0fB6DCSEVlHlwANEYtWSeSPfyzq39xszqGNSh/tONjdjb1GUGbNH9Jr0ONZcy0gDkZfo2cdCoGGOlbcL7q+MKk=","2940901381757143514769161106938626217378109210781017238605660315775620234338038779116045362405205565321583153562771745045388086057763068867912496478947340208483547340789292105721658463131780505770286466843978601709200233036676712575042168560702547473076937074946542593585516124325652538627546049172996725274956526052583945628623218736387022841141276986284388457960287640931376205311329876887689300879833086389573592823750697662229127494065084112189641029980764859532232998972817854684969991103533278151146253176275346939580569124527497854834485250540925114636786012471918427194015945927326637327676329368022992449993992273157127914037598864017570204536211374467684343139617659982580679393190008118555178056420814290665793607897986710283369002933721593417162224769840361486369413649312093717622279643804195972647169050657458850455074391687750226244577048301954234897662561294319838274423562805795610147006928593658205124096646","4284667065824481620536119654476048975455348997541546954038989187810261192377804377620512995071786836707593773633975750815353529905760341809291617542998584823136497940535639124786787335671487006376190556918679948346436625485441551205226299467071784552364527146520132864408063382607638386488973879303019847734240533324012082338293795693019060758409529163159892924607680311109319495959682840296178896624021971076039485811405887811433043127452858989139658376674387107786270994136995923008976795631893946588639719644374160927470858140933717279029426581236353568493171039692329941400048035633494366014568237335994888622767704827088414786094469709634800305293712314467149718503648503807036366436372777032833744453044308260705591745782405633961896004815485055544364714879756810815407648234916026836555582327823105375001949278091267182536477442102109254617081535083836218015830040119664656390888826857039015360347934861953698624357360"
"5013236209868752686698860203381748886405135511647546218734229375363785353993291362535724908228858515513914658536787544218263261028715998980321784917511317649560031805197861645309798884289977103212715977217676064149879185212680384089924689516338182785618327681392256227080364362739533377199098765615001551610022217143865746789822674942406345435111251680115139456456692606612672078787015600521128973316260670299270198772686754169851344451708267506295519625951545404863928944483398585317023586535082980043229336953853766186189526125427109413333488283875837221784280865187374523546749526963435046630195922340991943515200748892351472612155515907744836602243764476683753639393087605312303096744640275367957507183654239368631732771193065188789700080959393655149723898123788889670147609041344092007484002905338924236945446352667548342544657561805932615738155853080022481630991248740587634632972128880416406324321553872432964626299450",6,"AAABgFy/fNHWfTHS9PMpeH6YOzDE+s4ve9qjQ5H4jhZr8SNAfCE4eqme069DUsjG0xDgtAEKS1PM2i3H8GFiBq9i71u88iijAiyAaF8RlmkWnqub99Hv0TDkYxOkre81SGpRMUZk6tUw5d4jqkJdnCT5NQ2ejnhhYEvKVSAt88jB96KWD4OagK/GM1ACv9HkVEcK1fOCdSp5RzY2+VtNitNkG0iyYF7UliseNOWNPpVg6NW5XIY/X9zF0/3Ch+gR4qUKAENq3IsOxpBzUO6WNxlbEMtTsDFsFy2Bgr6R/4HXnwT1TUgktFT/OYaTaI3pl5XoQPXdyX5NTufPuZK/BJIOEbw2LiUZTui4B0S2RIRj7XXiUx14IuL6zEmoSBge7KP37i9H3KprwhcwoFKdGJwjPFUSlLamGGEo2cE1AUtNqCGr+H1fPm+upOPhSAEnD4HmL5Vn+nVBBRj5AI7GkXwcrl/hBO5HzjdDa229fCssoOcxFye1FvsAy1fzDVUzUwww5QAAAYBIhSK/uz5AGHowTChHCbOK5zFo7zO4iY2JZm1DPd6i3VZ3p8/xxU3N4QFm50qWa118dOt7wf/syDzuHyZD4Cn7dh5T4QLPJjDa1QRz8+4s9O69x7xsKcvBe6ljq6jznR/BHVnXFTzC/eivYh5iJJpEkBTuyfSzzP19Bn1ifZw9CigYSfmyjc88c5zijzPqTO2K3l6+Im20VNK+Kdv11W73J0zBMX+T1ZT5oOgF1icxQPvur4iYsjDU2WK+qftS//Jg16yjsfJuARczjvaCkwrAJxi1UVL9P2+aUQIm4H2RULZmGLxATIU5lAGcx4vxYtetF5UR3bDS6LOM6F80ukfak6Bm7zwF8Sy7VhS1JA/vGHZRfe8cRpiFl3d+6mGZGhuarHQ77pUCb0BrX0qDjKrXSo20rNHFd1+8jp4NI9jnBN5+pyn+iX3y0mti6g0bJKARLqN+Kk9/58t1KvASRPbH8EH3142GqH5gJB/nKnjzSWbhwxDvrCSj2uKGeNNb8/g=","1366501888941768442763179372463674484598904912832004136734767818241745429380023149801741052152810463981664684154820540237267956374609769456391685450558840982922735972484096634858883544870016408109913831821928922894060304166752724125978255554546449775534410401534631679805502164353728647429605313284177408973728383635804980681387224784853039316773580734340148472349299431215685189746133173879685692450155621122002193258325124152100469662264121961975391901575077431279392752913498711151162148526553322458085496749301216690469853123302800281202100684683528180378734121311224511433203496017459184475203737615563753873515805689061512650512666377803185616232856433702237773738966509408888403833409510030058277226076983338396399523070994662424510584278061244770491194709890502229896178161559850717906565646087797494599841314328108196665839153972629855735189383493954991310139283850580222486658296946463203605100108139646860399779462","4844374741515190446337506170164557033739351622387596271554809239467257693036409764368167440481983783521393333317506609420188159387772790971050508130211650408272624319758631889433266954090460216061036471198420281431241001981058375665762764760827379187567309106906113603273146182528520877738098321498342501905533606300846042708980330216314588039650736525911859021330905748353230586160600385739831273724883012929071613644085914924972674292695887208610168217994998082533341727991009570593054476696874397456323063743549977560289539695733127483051614305243952995895848384814547650587612344442741935308100439947077139987452547535747102231126769003355916661365578412915144410103247460557970237753498577600454077135157559756198232518957478312255176502930395491786424947992527149555789461332101821191418569020680488260516879598035170451563673114338612611704025193351845705066194667222883699021952803883486297580936395621904466181272362"
"3469555712384875408498163110036166564755482441690513960316537517002153078099387695233378661333071542700042573132430574099955045229857907933266885524141497163170937554551320269718702925360861261161364202274471179640171132375104044692206500810583646510101023196743861941401096167361035922929380198827781832125191261068224199661756887127897427308948644752518117614583579535485456417156970603013976606055061229557872787875467317734473735612056779470026378585097666090229386847912398147529087278235566415362987594111148053073175923128880858149052295916633533185936721774684006915806544491345256440763755362305531768441327868568108588776674668824133243748506830656182172858472372551054976549900975160826651700485985533897294023452410792504938102518273680149147581958049694805085338921339726372816167166627156414996636801257221981503675732785460713493797136430227773055148769679484065376040091685809743022428221983168660569098250742",7,"AAABgA9ebZ1HWjqefr3wyMIQgO5uWz/pb2CHIPJh3p2/XODxOGQy0FrsMHRllaEspmnu3R8AfOdwlTdXKhxmJZdHd3q0x54ISqpesi9UcgbIyG/Jv5PPV5/px8gUEcjQCv36LmT/GF99qJbjIS2KKzWDRZ87lbj3Rrf0IOGEyLDeD8szsUY5eFmGNk6YRChe3BJyxetuk5r9KMFa0uW9T+thNWJGH3ujvi47FHIrxqYVNksWivwtO0Usio/F3lgpLuRvnIeaxAFO2ZUNqGap80Qg/b2PL6j7MRF71uuBhzK0dFo9K0G28T+lYECruOVLgdnw+zudfik4zObxeZrCQtO6upwfio9bFJw2+q3G3Mr3/immNpou3TwZmAcyFiej0T/leOP8Sbzj+QqjM+tMnMW6rtFB1utxjXbSlW2XMfdGEmoUlvS8U0QoHaI4+ZAWNe3C0Nt81dbplxKz5fIbYpBaxUV3jwbropIkAp5kIkSOxc+zEl+u0mYPINEiLNGcapq/1AAAAX8Bksts6dCwUmTjY+H3frb1d+RXuLWBVNh6S+CTuz91mnTqY8pog2emCYdzsr7L/5GL/5KY+QmrOovi1VajHP6mADAk57bm2x6olqZeXk2+yW95LXCWsUy5uKwpSRAJPx+iP0on4+Pl7gG6pD70wygVcu/qbRZy+UB+h3YDFKA16J9AL8SvBoHVsXuayBmVQuO4kVwfvzctcuy7S4dcn56+ooyN93WbrYlp9cyIKUSiT/lgA0DUff8B9+8WiFA8QdrbPoCRVhzHinIAbYXmwxJWFWeXoMXCk2xlXprSPRcKLEc6BhxYV+YUQGgxE5KOEfWpLQMfukg1P5WuQGjuW8DhDpHUQE03ivxDvGS54O+JcwDCroMQcqG0ZjUV/lYSkBl9+2Nb+w54tWqueBhagjSR4ZCyn9nLCOmrDdMUbDj5CRG5C8ZHMcnS5nJhKd9U3FYu2dFBckMh29g7aQIUnSudUZcS31vlWKNhHMc/ZzIlm4Si/hosktgEP9XOh9sfSg==","1054991647612591525387870644163079108326039214297459600360713164388675009742210482857800291815506221259874676474994425569083097083109553132114325855532080831238426808144149724411741412922895395165566207647060792365507922353862327669055644687496933661638901695742286502259547050485141822526531746041644505625302848630664066331742115614910353039099852217431864674027080916453361142057219752304955083634976511686135450007661564928169129628936225620639764310704292486491220165769756889268334780308903748356341039164423490134290306220510827594001985757895754645048886668462963916237984406392801539376279541513300137890612515819592027837700068244712079840855984052203159291287524345954592886472210847609686096101508559790610627864725856134565199240815106586086532180663773936870832888065473860776831364443629405916040415072070895762880534454881238663846498916131122006571788145418030353636661930048792471890387877918392044044907406","4663050586953582103291682038490684558782138643350121727498552987746037729287164438984636112301019360250228015241356952436575904953507244273176200741402863655165236735022632504258393538560316612547876586968730189876609328858318316868233795917701905003490654948840011733162108100692635854584312137171606924837698050637327462559541624656446508249932877323886829612339112354448146192713873953159804441376569727942083511329507434797283169951552139672130737722047436637399412605370481715058893756736206739554923406165650225541906191167972110596413766038813384322588132659655699490268167825054747612107939528558322377224069135968471772297086694209918773548674855564052174502344835052333535641521500133618343500253474064859742529851164788416802787311606449441956800302269573801970395353123739111301427485192653227134932601519699122963332093930141043387008191910043041578531665729847669616494486764520235256452453218007262050473466072"
"416335620994932857278286778194175585576468385063067207967943618919334491496146027057503183528420303627008696022671868130381655802806360439062207806060237253360404229197715943185283544073365654924524333798543904403363240890615681678759678118957839001936608103304467290696179800143367618173311029913325745952740301391342261013378217594764503060948047326269231909465413706924202599913412365884844705692785624242582412068824472426860506535598214085302185497271443788205922125726225674942771182087548046283083903577132986064826640296542910225230769138989125632232725887311472592593083508407022418939446202272001492431977216873256860582785771785926600363099672811549423463259262004407878548478217859469946647952063701760720442275246580279919367374782988800522868487749213014984498230021209844601525406068607855670599252369416828204918329622847980830016545589299208906246006798391528960531087515809676337432723178803114235851794200",8,"AAABgDvQJbM8M+1tGVK7l8rTU/SNJDJDfvwsz2MvtJTi4CwWhglfwHLQ5bdtp4Pe8Shdu9plgudfDuPjJkSY95qNJdPpoClF82bEJC7Kr0u0fYyyjkGkUkowsPbBp08rFqH8vHGvA9DaGTG1L0V1kx8QsFlscri7b4gI3F9fiz1lUa1II6ZPy5arkkZm2I2GJvQ4wiWNEcBRbCHZ6r6MIP4aJWM4uxGmtrAErkh8RMc1qx9i6z1e8FaTNZvlAGbbOGMX14a2VHrT+EdTZRRJ6Duj0z+DaBvVgUojltEF4qlIg52wR3fVzo5C89s559FadxRGFbtT8k02iQbZU3gQkPmhnLQqcjcdRQdy8EToySUYNJkluxDKous+eVDfO2++ZmaLxWRPlC/vyKYOH6CFbnSXyiOd36XGJ96xoG3RQe+Z69M+Ef1ki8lKDrFf1AS5PPHUqLsJml3aTRBDt63rnDcpustsjDNynbSSCDKuhML6/5IgJ0cLEXTPvaxMGEXymfwqGAAAAYEA0B0ZkLG9CaYVYflisVMMi5INU93RU2UzXhMpjbAwPMivisn/KaxVDg9ILIc2bdTP+yvx4qP3eC+kqs53U0+pWc1qe4YyFM5Hkcqph6l/9kSEog0J9uKipadupySB/Lhc8+ePeDPwQ+qUSuhkqWPsNpjMGObrG7Nc/pqDZ1zSfoTmDmqdzEHHqz9uQp0GJW0lKERiBNvxbf5OSlQg3RmlNOsoWFF/8t0mLdDVMYXMFiVgxv39w9JhJfnbsYoEsCYwX/ut9Wj6dNTlHVV13usUk1hyHkplbQRwE7vs/Y4/v3A055Wx/ixDPwmRARhQBFYTh7MxMGOruBNe4JvGpNrAPGCcWezNt29oRku17KzMbeJd0Bs3rFV3hr0/fAR9WSJCNOSqdDq5qD9zwm1rD4+xa/H/u2mfR4yBoWpYqQqVQYdRj4KDNjN2Ra11dJgRGwfwBeeYrnRGi6Z1+hIGEzt7Ic+AqWG29ufOeNVNRLSD6fnXyEGoYq8RpS1b129boPWa","4128749907305223080055314382867577144236115621274741737828291734816316557736158492835758484437663741643219073669124343196620136522772151585880651518929207703583378340097483647835810854213523593466564930251053005431848615719782387126540201014331538791438400904307817279445559518403379648985264455979561329390826162902693087420781248609931725485048259384093808451459040818778895670496050571031226301191596710102538012790643802453404072860365068408935277893898049893044244496326987930738063977470062062691592885609117231661434988597311714990184516276450288430552882391822911755284055714491646094825284996995498424299957014407487171548772459636421196389457433956871010373332896971512992747665471269229172238309293978405065216704188819634909769376118028472441080089839939658448384963760890913362431234390991659949761629457216342379501165397038289304166378319991995865922114747522140389901525111998422028991502034203328328124142469","1079324595063249225651204598929745412656535723737357954962920226640676587117620506399433734326952233144769704633162223450210118613036763933457757370442749252761986264642119737617213533539562109903709001168391099264713135169328545377355511074413586464903939949433865219434656579262286416913950081403825825484819757681890207281216773094485742828441319984516056710313248752079482319338245858583750474659649657274419919675018903091110053729327653957807751560205630871688818863654525979319234303415139482868867675265745610264005921051024973294012931903936083560565550899370861019781184083197709393839019990510501176027156571925294817838681982793834189253407381899966823448542787774172991931700381554667934668927061367409060123163307259026282783315473173329320903588001376001137572430948119349416617182920670397625180387670695149036348341872952220697344469991262078578321407196227236458979828912246532089380376810413733955927549810"
"868722454296464945262641859245111155151892786722581371474352212027776037500349148086219006646553846474081600574548713143343116415875393779090886510506800204548566943216704557197479255860484616616558359061727863280451628965825412711233332881841847682707857392403512693039172832603061988815873854128672842047995811039390780919757072662644203711725160889714097651611806584247802223947336451828774597840115585764839668863609398423411846770321659363856377929850414317180502635061238709442916736192005940753681832097263789153115053748470199448515202185814890876949939372149065976123864676393356445434937182396906683837148292752509634614524198508290981260391995191499740030567965755336231090757371740996340382258688743096508423462653539689652152620685478880959226037776687933732708593306297816065305751545744601378259503470738078589211256382683900231525812336155410330909328216320270431773941429044844274323542483723499140606622740",9,"AAABgHIGmqM5O1sBtbtZS0Xv7rzzv1kpXVGQdzObi9QJ7jeOgrIx2uNmxX4UiiDhjScy2DFa1TBncnLTE03Wc1OHIRIvtrwFF4aunq1JFdkegsb6RUrn05CaDv/M0VO7rTrO5PKy2uA7f2afKvglkMmM4ewo6EHHysxcGLnBcnsg2k6pe4Lg86tkyAs1N+YbwKG4lcpRNx7XxMdxkEXet50r3qGlqWxH9HvMEeITLTUNaxF18VIAWPVvjntdao0ruMeGvG1vHuVAXRG2zv/l6C+RgMjhMPlXlXBHlq3xyezm0iVpN7T9pM+xs4pfe/RpcfXzulyAORp03+zUL+dzGIxVQy6eHMkXURRP1gwt1/QTwre9arYNmDxziWCCebOWUMk37KnrbnvCu8/QyCkfojFfDF9Km/kUv5CFlxFmvoHEeoFwD/i4vePQizZg5raCLfhHVFWxvMIWnnlNf2iq6NK0G98ruIoMSPktOlYFwriLGnyM9D+JNf+iNI1KyFDdS7xivAAAAYEAxUmByd9Kn5sJAK4ODQcqKP0ZBQwGhJPs+iOKFRQduZY4KR3CNTjiiVVJ8XZkblSrb4e1kxRvZh404W1aG5NmwuwaIw7syKXaurjamfLOfysW2DlJ06nzUbO329aG7Ly8xKxM1TROkZiOkCOp6llExJKNR7NhDpFU+2ljJ6rUeLEW8n7MYgWlprVtMEHuBNvhJxcduJbNmMR3RGuHCYMvN4wUyudE7ToPuFgUcSqHGEPFcYIy/TlctT0jsvvLvqZ5v9MwvDmqZEW70gRwZzNbfVLYH7Im6ldfybtxDpwOEcx72HyduxRHNEfhinyCsU6Q4i0LN09TkPlAveSOyZzHl5msn1aghIuzKc8rkrDnWIcYNPVFokMvIJWdM79W/VwDsnqbhhK9V7uUfYYp1/RfI/5QubrbHJVCzQgnWKQ1Xovmb7DjZzNWZZ48HbCmQ1Up6TH8YBR3V29rs3/Y0h5KgOR+HNhoMWl9hbBW2oj1TArYuQZ50P+ihOz1fW/7QvzB","1125156892198883029664108851944856905040348364660523106830203650610871093233868136653514667652065516327528209930799323694043984916403742418942057554680933108813012599152562040542075535617883945731978732033578221039032919836410603685284492688783737820070721014247911241300065377051928474576870859363048065382529940479465552282839101891197850819115808476422695141671178771544910948046775058720108323888599061424909263803990678650856052586599449582723283882180256892802925553121765531474688162856083699500998633427701884336333247173769651861059429644809443435731984874125368094733263321772070074299731401741029199587650684866542980261700844096080165845225273714827579074953882925622962149724319593601500351046583895077194195083127970910165616590104209717714112950232287376478132631624292716782224117393151550387094983388055073923801049296730759234762359040451767113072785609756235223131636426589938752341075699566114454567862902","1095817332414803484792346701695936441539467968373137849052270102953286069074912897240777710775244885441147719492349204099779011762455519006962024574564322248644995253376922850077401114310557989634097877638362472578938246271155086071407536768876586014166927527996658348352342411758952787261178792224619631630990289354534723118224969972880940748682407815963936110462261907697846948107281545160065187937865874463797313776852735411119100069201242169247826291683948437045876244003101170194322909076333545932648287396982551810441703421935363719028580793390784664248727029076175434044118979540298012747032073314756933414557215645038354931587304681045365362944149690062256569845349586048361664745143528318703195860575339104276305602971219255746799869408214999986930185486695160393587779245026492502565688965336752898296827189895129997594768862762341421433061757548545641418735312668522843317646526737007685151474807026841642036957766"
"1036898001285598715605513303854033309411535902119614323569777799649854329539100228674714884906571386221894729215964731314379043230829219659608639210034047011432774457105103763500099907911285943574376407161074861175058652950589645519528672629930475136442083279370482195154928036037806344674464097580177055841401384003783085130118909002571992355110468279220305052783045581499853881170962965101742341186734185300850276351337741985627799039204499931448753784486258382096485355111485233881867708309758735310013148396534844305811313410391812959967724825754840621323258105766710854974096031110111183540555789906366672144769839351056515118619820683465258561655949475001585037984187453799960399321163473479603872440431042359244219808068672906338484139198923822920920904994955895760092122839591168816128384312027213491656847942041260749515903334013731430117421034963980227741357046862010452380996825746684166879778312617296696047137342",10,"AAABgFMYx3JQTnlvR9BPnVh4SX0D6eh1srW+iU+HgVfRy51tz/KlEi31ZOPQ7cpBqzXX8MfFCby8/qVFxIyZ3rnHJ7hdd/DZgNczV3migGM+dA1QBikOL0xdSzQ31bUbVvlwzzSOjbPd6+4WT3D+kyePanHZG4J2dAhvUeNsRSxzydU7oBER19vjvWmRqqKP/lte6TGhKx/PqKz9oiHpgHllkFAGIOiNWZs7t0csn1G66fzdjEZNZCWt7kYD01uBsNloMIN2Ese6LGFJAMNWB2dFwykD/7329839O01wKLzyob6FORVbZsWAxDaKkuNVwJXNw0FpJJedmOtuPckkSYyZ1/MrBQjeK//Cm5aPK1DVlCeSJ9+QxPJYRmQKiLM5GItRnOYgFAZADGDHudMJPlUFi1dwc+4v9Y9I6QuGnnckmu/MFZwVerYrF8bxGux8VFuvYuxJvMe3sbWDIDxmkeadq/6B1gXFJ4Cw42MCnYZDpcVR/VyRE4++yq0ZqYofcb9cQQAAAYA6am1kMcd7XDESbWoZhxh/khIp1rb+EsiDz9lRwXmKt2eo64B0etyPYvQkMuf0vErA36PdHDZqrLhp3e7C+WUkbLBDUwFmo56f5VmSaspzlt0jhnHYcap6veGuA+i/6DO6eBRkocO+WWeecSYnFZVtkNquBwztCZYPaqEZ4Cf+HDUU/H45HTZxw405kXGBW8Rg3HHgUdoPpFbdYUgVVFLx2nHX/XTXum6KAgEMi3+xbtLoo5tJ3cLmf5nv928+BgQi4JHxX9HHcKJVZLQaH6B5QVsrwJUl1jHVQX3h4IYw0yyOZMKmUzcMra+XtMMMDtErqw3bd//AZw3LSpSYnD7kSCUcBUi1Il61CxBPhn8iDLnQnW9yzZgDQufastzcp6J05iBu6lNfzIU3tBLhJrev+qYD5dER0VR+my5hz1lTYKxp40uvRREKQq1KBelYYzSlQxkyOZR6a+mIenAp1cKerOime9owpLbnJCpwQzuRCvIvdGAhDB7X/qEBuKgI+pU=","1276827756811642435381183264432088521947654249299822478436538225066046120109184389330087553528015627314474890518865297417500534578971930336946046121711994211967107139994936829506566189445914021210020373698011114435973646172548044849549659344941795748969125535041106686409720193402055434479787401967517136464383470274058395882651650220036107961677933147355761134469233782896988566718096436501352981765175071196894349187831243056865289908847554597180894264298069256241128017402991162277545429224025025584196676231835210557465971819348251354123914616107297680093377430786893289268892179735010196078955456937437776369223494590165259331301287058791265866993094983331799709999936098620452208368798516798572588188968381349155303716609337879344826486295765937319456590734171001341982365716973646980187479406362831210849377856300618957073765356152266608326079118953279790574849020898455072280173602072822116295257149368982495696677557","1843071341419212891167318196504392135051359728309049399322881413911685010882696426205511060021347519734305208093450252204534722940831695832583421467762735564923415629728052261053254588303036863133709013200122505639443152548769527283060858502169214116919816218078074115585692162914780853492981817288457176639726768316360537445869280411936331968217335241725585814638578217449065791130929973659341875652406536986315297980660211851077851210843672764050433717219420982211060122672445140360125789856707967099104161751644494456805089669115421593328612280241269426090772746631048460776450391126115270503959180524379416155054172383573361082557927028524274117356876153162623901324843666661149228442706376025298262742394386417609351579729442828290259598826136352925225999870082804970292654133163912588066952331589970612136678705038990270693499132969394112348403270156967446948776032212868004001357968165655927978478245012072752754882639"
