"publicKeySignature","publicKeyTrapdoor"
"201766889595073215824414465663924323704120088222423510505682253730357998948297729785019223779844882943935279896279711212548233112606892956461685178575897696561288766402647159116285072862025011246208411632100352341552397079040614405802447728018086075446859760419145731227444260454986253106132518570967530596223115662439679636280698632685199247788443142690305910317436838800265189769435578877870716633479570620392562493617706459262651144084564313462712207159305076987140302895087254131956353381196513828179611519609741779569129017661338861951433760616944427660656929051919836534180461026573737095954757476264186093101130899276221705386070808543861585910783969288308333317421235932540461291125161625732555281154020985925984798918108818926672564382952079483258823845636830355436927551991386148062570624364457006901441254685745615787809911553764045455955452252673370972505588923382935937656964848546947626627423500202174436453184","973642752952969236951220420844111854715651915133293441983762656224959813263704902995805658063838466764007539739933179324087142501405231926025350346672660547112182268789700054131909279205637981455702664490883878798504530070216427423629702143289486712256959600836355032561748374762950903802979936394864978213089487880716485480108903313729417071749409554511902998554170958332257195880327518535530556915576438354237819420077780445020827585931520944228795991332161439310687199995962148995639070884773930866254281779150764516400675395198003693310414958038902524333633098338560379364564835924648046005525913707200115375513067905794386116287625416631514357656686828492550980428987343268916865763140658828725264435407376850063116161303282853736913557981530675173430266569338645590411017221502346468519795738449836195011458553812408638497663881528864604665351712877466556370996551690166666101312418637304966498081161372748483742604684"
"4280042009707191086802166335826801945071157344206599401419091747939562346854894197535973595385219016447309617715315095834788675062921533520186296389230995126575004228691694714594551108323160400107914691242909373708399630781823470522897576386971249107693532258888817757346538885735607077267082965501930288312680524475196632432344848810533184820891222393369558883673181355213424417687896363456444282456273544382557805964980460772423182513986146551331562031440579687177272542429217727042027900590902811203191640991211709640666200292374897528062913688561938808054335827565476646556148496239960752190744607151965264532990509906895701854141132315700282517318762854627992683186921138354033606513688493514403651536375793001191977894646885283905588194644741702465765620831184165600818803476404355298318800756065601062087914478040452288164547107054874004743324540326718755951085874604018559621058712929130908079505961858030681568265861","2203048808035690787955683645493587510060469213855327945047003817197220500562233577496794645023204331164113090828561707534477581070320735914011131959912191524127045989629655348495361654796162511084905363288653652104911615487759012711044398132530935205546186371065166792234832518933160048377889361505609143871540906732348649876543094732484339936982644354319077783575786425401282853820259092783294650986310900473392792274951112194949612756973913146988147527445040061850542952746841413537013378925856006682637552644794247118641460258593359486197748738902861386550384151031814159994823395510217719895972597613662130774954072315981188014558632818794467690989649690562601244989795156457350133333976721283516033875457775348177120879734664218584589406555866069194924206279450400592452307019170952622350718037607591633656232948452322424666711113270655715893944244680079368689805195570864916283413477163486825539006784463076927509815753"
"4103514504152486178271344455306420846971459008819007202223966217838641967440290909464692009919821305580681153243110434871089454331519519960731378256805284727923685399568958837879755849367931406730664287002203778164856664516032029243279300937086991852892592429017964102050380932450959039351207729006128808493770542542295256651780397968047485057574283430255243626161221271991769018762122093387645719916118569733453964033196121895025779643403277133589914514346411543063348962631872879533489934049112744155417569059507487017866761396102977863194322748433939919653918660159217914079865850840839906601180241607454926568127400840390220714088274787841741626737819261911254626905340816725876996665337734907118141872734354666882086860849012260895897494038147507450955083403632047597400395573665421638253708520378072108776724716403931648269080400028617152114735677594495516652760121149897741623126507681766183021390196057698326190007640","4564784665911176289198446148214250214020942627803616063790493598899307316288286764237174361782689083760609070391706518858834019779629250663961254641640750584748548856390464732552769551630262710130466619026099983274644765146558182046825983252120516422934702994279634392195056290172684252524812939905707064325103086166785095292408303528034833015404834189115285986475132671501253426266540562542228706996981594135022109028802744420342050270678731935717742635328207146405972547715155385046688146199726865964567554186593313344485366921177228201769303525707908887676878376042233019875181262682370098596771158808255944729097322241454063703698161053112635181598039826568496010668692167275058325004206173672060657516812372141431191944535434491034511155203982853058391938074054756232756038032518826842183407531909133481751621142923279232100711849944579056994000137936996245627388440361141926932263485761845930710366039236295003005218437"
"5427257216459401189852687784929495560050345313786979256606904168494771219556871515316385638482978999535018103457358592279861712977596471616771104692160264112426225146362715535002640227505360317566641906433863304512189951702211952280330257180812115189598823069729340448218003782105645432027842618880905307681391150068214125213003780351115667572388595339605345569441979160463383768992827699382560513342619903335691596501140142671516315713403207078822733707371517563452164710505894990118537873283207128603332215085439812423174733011913813756246191077660774643830202586253346393590657789653220613184064046266336530422236230624501695900163657410534764991794878166362722987876889524460946793622991593134741802353503307770925294430839679371652144694411013749934918364318839157701808208466734492270207212685880578378383709007774337432282030019261731884520142491561639317065593932817619694325017788785577800410528616754103075256237200","63465489308349718445920296198433590045538024539750890532305640243005871189589411295252677691992236529388410306310859711209371450604230409906816455055588701638709440066854226503536000005861947058240972385241285832339208514333127235592111590777188944077498114838748946058587122763718476426628337449440853797731020752907103394721281907422418004716510326768526582033309845619921435407285635148242314523054723822343070048871670002867357269424970948375919283143592981698967795208013204164522766155042505785507168804575627399930260100785368907627268953447194765482559306162364655916250737245814578648216362334728907681938335875175477390130484858523569326122456211016089421402556309635586670907550659064385535622695782231336984395010771384934251924956183199653427745673506903732279521598851009480117454049100393278403128017709846657148114419026553405732683434208465933529136723302649459685548602417348619047173475762721889343757483"
"2940901381757143514769161106938626217378109210781017238605660315775620234338038779116045362405205565321583153562771745045388086057763068867912496478947340208483547340789292105721658463131780505770286466843978601709200233036676712575042168560702547473076937074946542593585516124325652538627546049172996725274956526052583945628623218736387022841141276986284388457960287640931376205311329876887689300879833086389573592823750697662229127494065084112189641029980764859532232998972817854684969991103533278151146253176275346939580569124527497854834485250540925114636786012471918427194015945927326637327676329368022992449993992273157127914037598864017570204536211374467684343139617659982580679393190008118555178056420814290665793607897986710283369002933721593417162224769840361486369413649312093717622279643804195972647169050657458850455074391687750226244577048301954234897662561294319838274423562805795610147006928593658205124096646","4284667065824481620536119654476048975455348997541546954038989187810261192377804377620512995071786836707593773633975750815353529905760341809291617542998584823136497940535639124786787335671487006376190556918679948346436625485441551205226299467071784552364527146520132864408063382607638386488973879303019847734240533324012082338293795693019060758409529163159892924607680311109319495959682840296178896624021971076039485811405887811433043127452858989139658376674387107786270994136995923008976795631893946588639719644374160927470858140933717279029426581236353568493171039692329941400048035633494366014568237335994888622767704827088414786094469709634800305293712314467149718503648503807036366436372777032833744453044308260705591745782405633961896004815485055544364714879756810815407648234916026836555582327823105375001949278091267182536477442102109254617081535083836218015830040119664656390888826857039015360347934861953698624357360"
"1366501888941768442763179372463674484598904912832004136734767818241745429380023149801741052152810463981664684154820540237267956374609769456391685450558840982922735972484096634858883544870016408109913831821928922894060304166752724125978255554546449775534410401534631679805502164353728647429605313284177408973728383635804980681387224784853039316773580734340148472349299431215685189746133173879685692450155621122002193258325124152100469662264121961975391901575077431279392752913498711151162148526553322458085496749301216690469853123302800281202100684683528180378734121311224511433203496017459184475203737615563753873515805689061512650512666377803185616232856433702237773738966509408888403833409510030058277226076983338396399523070994662424510584278061244770491194709890502229896178161559850717906565646087797494599841314328108196665839153972629855735189383493954991310139283850580222486658296946463203605100108139646860399779462","4844374741515190446337506170164557033739351622387596271554809239467257693036409764368167440481983783521393333317506609420188159387772790971050508130211650408272624319758631889433266954090460216061036471198420281431241001981058375665762764760827379187567309106906113603273146182528520877738098321498342501905533606300846042708980330216314588039650736525911859021330905748353230586160600385739831273724883012929071613644085914924972674292695887208610168217994998082533341727991009570593054476696874397456323063743549977560289539695733127483051614305243952995895848384814547650587612344442741935308100439947077139987452547535747102231126769003355916661365578412915144410103247460557970237753498577600454077135157559756198232518957478312255176502930395491786424947992527149555789461332101821191418569020680488260516879598035170451563673114338612611704025193351845705066194667222883699021952803883486297580936395621904466181272362"
"1054991647612591525387870644163079108326039214297459600360713164388675009742210482857800291815506221259874676474994425569083097083109553132114325855532080831238426808144149724411741412922895395165566207647060792365507922353862327669055644687496933661638901695742286502259547050485141822526531746041644505625302848630664066331742115614910353039099852217431864674027080916453361142057219752304955083634976511686135450007661564928169129628936225620639764310704292486491220165769756889268334780308903748356341039164423490134290306220510827594001985757895754645048886668462963916237984406392801539376279541513300137890612515819592027837700068244712079840855984052203159291287524345954592886472210847609686096101508559790610627864725856134565199240815106586086532180663773936870832888065473860776831364443629405916040415072070895762880534454881238663846498916131122006571788145418030353636661930048792471890387877918392044044907406","4663050586953582103291682038490684558782138643350121727498552987746037729287164438984636112301019360250228015241356952436575904953507244273176200741402863655165236735022632504258393538560316612547876586968730189876609328858318316868233795917701905003490654948840011733162108100692635854584312137171606924837698050637327462559541624656446508249932877323886829612339112354448146192713873953159804441376569727942083511329507434797283169951552139672130737722047436637399412605370481715058893756736206739554923406165650225541906191167972110596413766038813384322588132659655699490268167825054747612107939528558322377224069135968471772297086694209918773548674855564052174502344835052333535641521500133618343500253474064859742529851164788416802787311606449441956800302269573801970395353123739111301427485192653227134932601519699122963332093930141043387008191910043041578531665729847669616494486764520235256452453218007262050473466072"
"4128749907305223080055314382867577144236115621274741737828291734816316557736158492835758484437663741643219073669124343196620136522772151585880651518929207703583378340097483647835810854213523593466564930251053005431848615719782387126540201014331538791438400904307817279445559518403379648985264455979561329390826162902693087420781248609931725485048259384093808451459040818778895670496050571031226301191596710102538012790643802453404072860365068408935277893898049893044244496326987930738063977470062062691592885609117231661434988597311714990184516276450288430552882391822911755284055714491646094825284996995498424299957014407487171548772459636421196389457433956871010373332896971512992747665471269229172238309293978405065216704188819634909769376118028472441080089839939658448384963760890913362431234390991659949761629457216342379501165397038289304166378319991995865922114747522140389901525111998422028991502034203328328124142469","1079324595063249225651204598929745412656535723737357954962920226640676587117620506399433734326952233144769704633162223450210118613036763933457757370442749252761986264642119737617213533539562109903709001168391099264713135169328545377355511074413586464903939949433865219434656579262286416913950081403825825484819757681890207281216773094485742828441319984516056710313248752079482319338245858583750474659649657274419919675018903091110053729327653957807751560205630871688818863654525979319234303415139482868867675265745610264005921051024973294012931903936083560565550899370861019781184083197709393839019990510501176027156571925294817838681982793834189253407381899966823448542787774172991931700381554667934668927061367409060123163307259026282783315473173329320903588001376001137572430948119349416617182920670397625180387670695149036348341872952220697344469991262078578321407196227236458979828912246532089380376810413733955927549810"
"1125156892198883029664108851944856905040348364660523106830203650610871093233868136653514667652065516327528209930799323694043984916403742418942057554680933108813012599152562040542075535617883945731978732033578221039032919836410603685284492688783737820070721014247911241300065377051928474576870859363048065382529940479465552282839101891197850819115808476422695141671178771544910948046775058720108323888599061424909263803990678650856052586599449582723283882180256892802925553121765531474688162856083699500998633427701884336333247173769651861059429644809443435731984874125368094733263321772070074299731401741029199587650684866542980261700844096080165845225273714827579074953882925622962149724319593601500351046583895077194195083127970910165616590104209717714112950232287376478132631624292716782224117393151550387094983388055073923801049296730759234762359040451767113072785609756235223131636426589938752341075699566114454567862902","1095817332414803484792346701695936441539467968373137849052270102953286069074912897240777710775244885441147719492349204099779011762455519006962024574564322248644995253376922850077401114310557989634097877638362472578938246271155086071407536768876586014166927527996658348352342411758952787261178792224619631630990289354534723118224969972880940748682407815963936110462261907697846948107281545160065187937865874463797313776852735411119100069201242169247826291683948437045876244003101170194322909076333545932648287396982551810441703421935363719028580793390784664248727029076175434044118979540298012747032073314756933414557215645038354931587304681045365362944149690062256569845349586048361664745143528318703195860575339104276305602971219255746799869408214999986930185486695160393587779245026492502565688965336752898296827189895129997594768862762341421433061757548545641418735312668522843317646526737007685151474807026841642036957766"
"1276827756811642435381183264432088521947654249299822478436538225066046120109184389330087553528015627314474890518865297417500534578971930336946046121711994211967107139994936829506566189445914021210020373698011114435973646172548044849549659344941795748969125535041106686409720193402055434479787401967517136464383470274058395882651650220036107961677933147355761134469233782896988566718096436501352981765175071196894349187831243056865289908847554597180894264298069256241128017402991162277545429224025025584196676231835210557465971819348251354123914616107297680093377430786893289268892179735010196078955456937437776369223494590165259331301287058791265866993094983331799709999936098620452208368798516798572588188968381349155303716609337879344826486295765937319456590734171001341982365716973646980187479406362831210849377856300618957073765356152266608326079118953279790574849020898455072280173602072822116295257149368982495696677557","1843071341419212891167318196504392135051359728309049399322881413911685010882696426205511060021347519734305208093450252204534722940831695832583421467762735564923415629728052261053254588303036863133709013200122505639443152548769527283060858502169214116919816218078074115585692162914780853492981817288457176639726768316360537445869280411936331968217335241725585814638578217449065791130929973659341875652406536986315297980660211851077851210843672764050433717219420982211060122672445140360125789856707967099104161751644494456805089669115421593328612280241269426090772746631048460776450391126115270503959180524379416155054172383573361082557927028524274117356876153162623901324843666661149228442706376025298262742394386417609351579729442828290259598826136352925225999870082804970292654133163912588066952331589970612136678705038990270693499132969394112348403270156967446948776032212868004001357968165655927978478245012072752754882639"
