"encryptedTrackerNumberInGroup","trackerNumber","trackerNumberInGroup"
"AAABgQCvUKBciB9/34y0mbXK+dgtaqMu7+1V+Y4sl+n0MX5WvwKRYT/3oeOQstTfr57sSCvnGYtK4p3D2FxJxKZvwwVW3J7lJB8eBmZw9JOS4FfwVykHIWmR3ebysUcpqgqPdKcCwIGVUoeafwaDzprtYO3GX1lUMj0Uscn3TJqi6jc/Wcg9OLWpDTRYGvZ0RfyAUk57T5Dh6WJ2w3TsQclJBBG7jTDCZ42pLkU+6oLzfYXdYvhujn6qvNoRHhx0SovdfvwjthvERf/XlZjKY2JnMyJjglMmBRzmcJwvIRk41oK67OM7bB0NhaVrrqRwbQVyVl0BsoiUlWMez6sbu7Oez4JvupkgnNPVdz0ydYvXEP0vt3UTz/Uwoq48WtEH+LACEmSAzXeig6OEXuYZulj9oIbXXJdigxA6cfeT68XvaTsCjdGAeAr5O8zJg17z0rtGc0djbhiYH47/b2i0hDrre9rbvt8VntW58EvXmqaLHQhMDJ6h+wZ3jPFtN61SKMwFy+AAAAGBAIq/3IU2suT0M7fF8R7hUe6YSoGaQ+GAPxJy3SSo4KX1N6lZndxmlcKoFT45pTM0xbZXdwz23ELNQy3xhATKoHhqCmDmrWQy97QU9AOaA8w/zUc8fuEtrDTWxgaUHqSXk2nfMBa8eCzSkdjtOOKHGLGHcCPw2CTAIlO5ZXYBHFvCnje8LcLswStH3xnL/PrrRKNfaf/cIDaJHTrDWCZXZcBeDq6XuUkA8/D5YdPHZvdEo2Zyq5QKgxUPTqYmcQw9LdV9hicwqUBCY34N3mxEP3o2V/hhegjTlLI9V0d1N0PGsHApQJ1HaZqfzB9FIpwvsfUwy0+HdIQavXvbB+hv2wnGm0kNmWERMJJAkKoPsbcd9gZaTievVSdcgu8kpotMhipNUvJILCHMnB9y4FDvpc1gUSuu/npkDGEOTkQAJFFBcH9np5xWjcMKSIdJGp0Ck+Q0Jqaj9LKJc/zakIwZdpPMRg7DkipeoWGbH7vIi53CvYdrmOxm+X8kPRrr9R+0Ug==",95815814,"2954732357398699950222890812253806770986570992531049724544319632386718162168984099777509132913865813239589791076312155900483270412054145706929890889901546891387001603184558524650233158969009034136834117523415970382635408257183589125441715261952216484327759557206242931118785065723829315819017167501087690089895684979803637948079291192308338593490669743286239944343248173087106565166632313519901339307780930036844693588774384611054834423359834710926559480624773244355970148056384669522354683757956899145973991783713589627881289829882869585576737185436155268699974589783366215234791676943772032064030408662698597748257819706104881667384564981865696511126030046626883395711733760504661710961632896782611737840236591029065176578347296190009674967611287655661947389726119223669482987400901951323081487255154404039823023568230969955815338000477533488287644881897987139344792961695505166828034107153008572840659868410178009008730716"
"AAABgC4QAuenK5E4XFD32ZfzT8DDFTkVoc94Y6I8wAscHugHoM61B/X2EcfNodx8k4ReqMjKdjTYzSWHgivs00aokqA6NyuNZPlqFl95Iq1G3sJA593y8aKUmR+E3izd7kcD8yIP2G/+zw24KXnMJ6iP8hvQbbXk5sEVy0BpsUA5Xe9hrRa8wPH2CpQAA6Z/BByj7+pQdviHXGbtSa0VRXmFcKuW3SZc7NxVQ+Ah513Ba/Ro3scumBOJOVgdMICHStQJ6mwlU30jBu22dA9KzADvCFbAPVwV99xRWs7e13LWbjaIp8bpvRkqpuBuai8LwtT57AK+au1cBEDCydMT1GugY/zDGWzf6PaFqWnjWsSkmvqGOtEwPXWb4GCUdqavzsJ+QVUs4w5/jwag+rvCakGHOkELjr4cBXvMk59lJXorFI/z2MQ8dXK/TZW7Iqb74rqzJNpdeRIbQvw8RHe/O3etNftrN02y2l0AAoKyavnbTCaaZ6Vzwx6FXrGPqC4QQSipjgAAAYAYJqaktbgo1Gly58X/kAQIIVV30AnKcHz3n6ASRx6PYwp+gpevIvCcL4HN85oA3T4VaJRbfSCqLFqDTqvgd+DzKa0UtQYZkjbdsqbkzokTjkOlG6GnO4KfPyGrUdMG2zwsS3mY4MUbYw3HZVJkpHURYRH7vUKOCBjvPA27l6D5EaOck/xG+marGFb9rJn0TNtjzUa6qJESH4Hm5eitZ7EM9JIcUMYOvWSu17Sl7+tNYfdta1WoNXlLPYXwodljtnd6UtirrFhJhE37fuu4B9fsc0BZXeRAceUg8HIzoMH/PKoPVrpnMAkR/+1a9qy1DG4Meh7wpP/x5wQw0bZiycBk3Qoi1Opu5i1xkEesqslhGa0MnflDb8NaC6rZ01zDuqzgARY9mC/idBu4IFpt2HrUCLDLrXF7dB2HwAvvjTPIbg1ShR8bjgkLSfXTNLnlfXOboupEBVN/vnFpNyXII7qAniQqbFxLZe2uXjR3MoHwG44G3Da2a7MwtRqUmwSvY8Y=",33680608,"2038735123246619818225578213143737284136609076237365610034474399362978252896345334754866516340167348795529386183406290690460105052851651328480035253773487382689781173918968430706074820080440553311852871846946421625079303029852407828522864882639021764861619962416766652105008178460322193709939364662923084214266044515944107537716980877164267483569537768519429517631383789330574943237873738999942818484747821972696039249190430649961904477306542246902234655662127887843201100901738254428102428906094452601949503545064816631348061148312437384640180869854357534336988196221667325083139895105686108843634528727954785391479987602300671147099105995538615880953546558403324528381498647601743759034026162135271009580551602138791238476971074076465592605411257695439548381549834038788618585899278602346936959813404003811735517617352137976595935103201332872899981156828480290608876861052468238171044395723164296528315613588290640616784117"
"AAABgHEifcG2YkOvFLU7X3J4rwl0Ry4n/J0HZkdOZvUwIpWouYNQS2aRPJIu//x0Ovhes83sTAvG7K+lp+BGHi6aTPcYapGu2ZhQT1DgAdZWZh1fQWI7FwdupTKT+Clxben5a2qdyZL7PaKWOVtWGYU91ofxR8ZjsMr4omQXKJM/JsBlootWX4dRmhz6ubwvvVLRqm6ASLPgbmgljnOFSHBEsvA0UCWpDZlwcxMO96il1n7FbjjYm1A8QLdqmFYS+SASB2/3X6d7Gc+K5+NjWlqORVcJWWbENW7FoNPablA+nlXrKVZaBMhz1qzShwsYg9Bm5l4jftPR1iePPIXc2S059YukyiJkI3vNDSxFBFsG1TP4KTVTlrkzB9JhhPCLKf21w8mcv75++pHtLdBQYevCY4cbhp72D6M1KJbMJ+y9mD0s0eyGihhcIFs8yqMSS+NRKiwtlHOzF5HkoYX20LSKaRR4vb6wIiZdgoYKureYxwW37QJvTYiFascJ3T7qRyLryQAAAYEAnLjx6Taf5GdB7+NAXhC92pLE5W5+2vzPfVjSYe5aOuUK3B4q7LDerDpleroc7tDpTV9Mdt5W145czD0SGU+bpIHSWIzPwLPyAfu3rKm42Oy0m+01HBp3/fF6RmuyKOqZO6zgKR2/hztkMSlP5m0uji92AVQejlH0DuJQg8+6xZFjGTrQnoK0iOFYvwlLseFHnnR4tYf/a8WW/5wdtmAG+dsu3uvLthawnaWmbKfteffyEb4K+EGa0McffsiGb2Sq6TOTFEnF3MAMj/GzAI6oTboRBI5r90pDYUiwwLXj4owWxV7sxOmoxLiJW25iMXg5U9LX4ulnfzx2SKNYtOYvRVR1STSJniEzK8Wi/rPDhLJ9hA/GP0e7nfEOXCqdcrB/ph/QmCLgmf+Pq7bGj8f6AcM5nHzEZbX8GBwm3cDdl7CP5wTuU7QwFnb1oblYZ4EG7j+z5BNg2TFK2pTWlm7I6c5UfKeClq8TLljRAwPFWSUdbJIGwgK/JAipktRLEjqN",70904765,"148027149962789018026195651300575463158717980915043041341055594855397284084208077740599328902970977670884188002030575365472319032922511695557650175285479127239338292906241676628378751698831046982664146902882056061309961642865648584557046736874057566074517307477040883549314965127199136563862531428630198492229748056337059134806678802356849061262613234508792161933879739543319523080349303110841851528522250344136723388349273833767741822618449464193281361398938484009012320805410323248590770047859378900593959218625592861197864580981024613443345943565191752425181040476579096418205400600918114635652861592300940222143716036508365183775916944003006758490073367891292946463110887670965370689128438859725179922272454088847865318808076027224571531484496892312719103884014192900292180354152149804812448923149490670272761493470290964417007414207000282008760937682881756047476977706005990598391682361369797828736554980043060701331758"
"AAABgQCuRLsapoldRCmAZVMd1fvnNekqMRFkBqLuGMjvU29AJEgtpNPL8ofwq9lEjf4B0fMJv1BAaKFGoayEnkA9VMOoB2uyc1jpbXqNJj53xfVRKoOf3FRyW0yHTbxHFuYxJiNCQlY7rRhLVFDxAdCKpIiJhxcxkAE8J3N7LQy8w1G/vSRWcA+SSPHO3/LTxWZkJ1Ara1IvusozEgLRuNSwZE1oQlJ3NP7Z+0kDoICgFwwdDl5MGAd3PHBS0UobBCmShT+yAJ/aqv9NZng8vh+Kal7o/DotbyNKH2vVjHI1F5jkan45gBVDdS74GQCn+MCMpcC002Pw1Ylm9o3eYPe4nLxtdD9g5ct0f5KWcMvzRvLDT2O+DZHNR7AQ6lSINb3rT2w0TbLnhcpSMKps0g98pwKGotsxn03kf+4yRGnPFjqShuh5e3vZF9CSxtwnelXR104MbaOLAQhZ89FKNVSa8AHdQC94qhMbBF6aLYPns93WU1gq+srqQNvM9ZqUit2Z48wAAAGAaAbqZb+RL2STSc7XJYrqIPtmOG+PpXx5o87LVY9kFfu79PPk5mRDJHK8yqxdWlRDnKpWFm/V26X0PYM58ZbpwaPedHHYmJwqJpNbOE11sXSw40P9LYi8NooYA0o4W3efPm7VPiW5XlMzzCXC6vw25ZVNfVxroVZtTMBEJKHstmbuecrmQ+cqkHRHGqIYAUqyA3Fr7rfaXrqnI4CFeJLjXZ5Bv1Lv1VkmHjOE4NJTmXtclA8diupe7qHSRUuY+guxVKdUrjWkOpjJoBRU2ozirJKyx6ApNaW058vtlF3hX08fjwiBkiq/8/82DVd+P718M+yk2xr0iVChfIql1AEvPgbkcPdpglkMy+1myRAvrUdNRf1AqR4oR9SGK1cvu5Eud2eba+7LMrVD2aO5eSHnKFMdnxyOIRC7c8wB2x3ABpcN+otg7hBXdMeq8IlDdRk1EOBTWYSCU5CSXvyvaTjIBFC0L3V6Jl3W8TJtTyR3ZBHEbCcguxEQ+5ak7rMzEtAo",75965777,"3380668874992714150424141790053676874727679114477182593145164779662956441219716848244704919828787104800010746850938599830380454323685026276781744930886911989162268756499235426962402657004303154256482371202721749693436220247313751799275436123038322450715593957406909429347113462313805401898395999956638422489450260144200075884997560960805914519876536326028228500907143255340263997176946317772665652217137426844079121216922113493717821268134467540387496150627701687581768738834068958254844493018371405968165265527799608027757207237245971222052364960469179483845917065766199453747253278682644821251844655632292586050960611064791869243548065357902665738956702835269947066052987432717118266099685486774552712930512013099432941310322903697678466560352984640719160661487706825415279407561447752475103951865162758405991986002778090167706684555793389781962942220475645364093026675625558035951178817998820328263359730727837316366171892"
"AAABgFKFTOuevODDNnyPFeG2eUNA/hA5kdvRsXol0DPSePPFXsbl6NArmB84EABTuY6bRS4mR6Rhbyxp9sT6wJcpGlt4M31FAeKWrScODppr1CS7xnNgZM0eWINxsinEuMWsDoviC3RZDZyqFgILMEiFIg7yHa7lPpLfelqQld655ojXAQ5A8j3kTTIZDY6CS8v0HSUNMQrkuC1C5WzH6HyAnqx2s7Q1MO0FqjUoKNW/FSm6nMP8V9e9MMCX6G9jXDGMvACOiBiP/oGePDBkmEqq90ViW7kLc5bEJXJ+A5+irtn7EgOWXKikghGmkvi715wcVUaphBBnNDe2qgYQdEA5dY64FtsbWFe9W+HlgOw+rVYoOmpR9lifs80b0/t5Ex5AqyPI97bxk/OR0XDZ4DpI9Gw7Z++wSvcR1XDctBztQjnpHaEiIN10Dt5EKoxJZ/zaZsjwMo0cNxdG5iwvwLzUyt5tG9BFW5DsLWJkPpHasrIo/F54ZalhaIuYSej8Rx0lhwAAAYEAiKAW95REDpZj6fmtLyGrN/jZffpPGbAz40U6ihZL9z1UsLeTsUVaa1TywhD66HdcF0aQy10PaeWRK69WSvQBYEo8rEa05/NdIthPSlCcaiz8cQ0JkTQB1jvu+8+kFGu7JuA4CWLuQOYuXMtTGn93qVfxic8vkSJKmbDqomQ5WMbNWFiDjLA7bUDmPXWCXirQr0loAmr83ZL+uMbHIxiskXBwMzWJxw/PBlDLIi4SEIuimnq7hYnztmycbmG9qbimgFu4CSYeqHRap2a+hmFWJ4MX7ztNAZmstKCK8X+g9ayWDU4X5x6iTJUauA5W6VwoRYv3HlUjPVKRXZjtMWmZNUKqFBOlacnf3LdHL+Xz9gZhVi0qV8WpePgMVvlZ1o9JCIJyWO4KlcF4wJ/hDtGscO8W/BW0X7PcfTaxxLgbbZVMXIGoo2g/ameamxAk+NQ9pT6Io+vh0utY2vTnYmdcEfiTLrYuTo2JBy/98yErLPxWwRDjj9z90mc9zq9/8Fdh",92256008,"2449653683395886888708658550641038926706915697752446707287478136299686939506380959262785125794417916487936160774617156809249522008525310113588804605022607052422362308785766882542998078462229709618633942637802095252712826068034398944842168704489484659835001673260392094018547053272559672937704536791707789785096346787621958671690195850260932277165336218046230614160529651448759583858154289302547325558523118775752656453456622223764208840019508910484558728030875845435647784786500464867324431292666886744120768784772989163923342909713939292970058114335624087041676557901292234324117187009198073747014117943696477354492606351198720010255733806325656438718967171188846244364062063859288482843217105948527120824247479155987731805545539916950336800818909644140798806911671472836762046526274463589163143869651917112506639855982448724235665078867908730420242195793610646014052925431095921196112486934183633131263510199480105014549796"
"AAABgA+Reu78jwXwmKYtTNY5nJ9s8S+4F/CYBEaB1DgENDfOWhKwWqThewqxpvLdFq8AJHE3Io3WM5R5+UEH1urFdh3UDq+L4RbXEHvSjR5NmnyAoWEoOF9DKL0YoRcxiQU+OtQ48Ns1CJNyQL4MCX/lbDqS7P5Typm6gDE7iLoZ50WnTD7/uMxmp25x20yqDDqZhxhXSvHM8e0HabvZ8d2mFQE/yHL7FRcFAVlEhqH6oKzGniS8abjkztnRm38Tzvs1fr4dUNy7ptewN5SMVeGV0zMsLkDjje3Dk1lvZIMD3NqPkJRMDNnglcuLeM+Nfn8rPUyu1lFlM58b7ghrpwkEcJM2zN9B2OVBehffssKfnyJZA/RQt17Jo6Vl914kn58TILb1Wk25ChOQ/NDvedQV2CkgkcYavR5VgYYiQ6eqWNt4hNkILHUPx9F3BopH7nVVzMjBMdkjXPhZALQR2e395Yhgujq8RE7Y4He03PhQzGELsbobxSKw828mD0EZS5JPzQAAAYAjihTM3695iVhnC7+cLK1Rtew1mqxjm3ivrXHJ2H5pJIkkbLVd30fpsvOJJVvUj2druH/wKgEZ5UWuyx2Fo7zsNQj3Zx9zYAZuB1Sa1NLYLlRSJymz4lH8iKCb6fWEWQmpZWlGdJmTMpwrYEQDmp5V2wI1Ih6Rn213SPnOkX7N4QHN+wmabHW8cUYnmD4hvbfs0/04sbusnVNdZEpcxgTD8RCnj83D7kNFtGTGRnbMmejc/4Kk2y0S453mFBJHfeoe62kCzqhN7u+A5xncgdG5jHHAxRfT3jiSCSDMWg8eao5gOslhUmK2UCHHxYF07zFaNgBwM2DeYNQIG/ZTWFdF+mh41MnJXKnFUmNSOZo8WAa56OIuRaQ0VPoBNoPvvjAjKdGAtAaYqv6HRVCZOZCt+ZGog+Ncs38jSHRDknMFUQySsWRMm0/2OyJufH+wKQPmIhLTvWJa1Xzb2vMqIxOMPSYwfv5T/oojAO1z4X9G+VkKcERiVx7gKvHDz3ICJSA=",47726480,"2042952194230539507318840882867539853375665305969097333807507876495338617718822906314094575480713803391360116620016584005125144568944825206805188453703674512517216369629568011417913482745061193160172023962065521599166325007594827739807014826752008055892533632802573730693085191885409036412898433758549430549103385956640627839719703410033771250392263240895930934986107067226476275395670137884993846671224059426447802098057186942297648415495059460371996424141784343382743479278895733290966746385510898222991259883858379515773770258239458985395777777290280080424170603607293721119550970445507640141996017594292663964526778707205582888728369267468436506716651195550572243547618626921245747103416472009644351073662202166957535655446393774585532016072152929755825560435587790680951759956105771109367673634210078556343105918631163416873399294201683386651204036424563444634774297273723188505797290307762355269867695864735592563911234"
"AAABgGjCx7DGaAxePr1F7Y0KRoc86lDzOwUjGJerN9DZ06ZzapS/nzJadlGXcILnLRHtwRiD6M2SMEG1Oe0sroxcBCQNBxa5xsGhVloPpskoToGEb/imuF8m2Lwdrw7Rd93AtWkJd7KDaWMOB5w0FdvCYCF1z+3rndA8X/odjrUo3vyfvnaTgS8n7In292S4uzhAlon3EyxEQYWaAy23Xr3oumgLBxZrPhJFgcblDFryGB3rHKmOkgyVz9DYvRqLlBeq8Q99ZSrM8z/HcsnWcbRe81mjnqMuTH/ZRnAnvvXNjXUkBzf6A/2d7uj7EntGS3wYKp64U/z9gP+UuyIJR/Ugli85OVvE46CLZ5EUkIphrkCnjK2n5jvuPPQt1au52TcNxBDthTp1d/H44HtrSNRTP2hZMBzjJw+fay3MP+PGY8Yvize5RXWrBZJe5hT0zbemaErrOYNddmAROTsDza5+Oo70eKUvZ4yTmN6N41DwZsxei5YRP/3kmDEPEo6yk4fNLgAAAYBGrjH2A8z5XpCO02NAksx/JGN809I5uOvl+RnJX/CDLesBejncdws/iEuiI38Cp6kshSPEtgm9fe/BkCv4vvd/mNK0m/UHdeHD4e2WrbnG7NzeRsWq6VJMDKD/ssgQw659o1TR8wNWsxVQJe3xjHBBOH0V+V7PwD8UGYlHHxBIabIZGU93ITzPdlSXLttN7jaiKN81Ztch2VlImNXPr0dfoTa+AJ4MOI9yXV817HGDNLckYUkVbSBiKaHa19B88zcMxKINEPwi8H0kSfWQn8eoZ67rx5aaouxXspB7bDcNsqGbAhn+OafByphysatQe5R58ulhO2ERUvfJf9Vbgk7Bi2E/VQ88SLI4IjPUfso2jVY39VYhq5TM+z4SduOYZVLwW1ib6XyU/KT3vn2pKlykHbsaGGTi5p5eshTHsQnVGJ/rSE/qHHNzvrwDwFYMN6Xjnv54SyJ5Pq1/bEStEZWL58rQMFbwuxdwLVU/McnU6mFb7rp1TTBO/zqdi0gLSxI=",49155844,"2453719917483527150919255034812196464736813310298802071889759703268888351205609619230247558127865904884364119886245194444219402810476901254480287870395866053228061363203218828232171035803476902725871495906966993961652097726116743882079012235770276272323006388535289211390645725362896866050436182552997847287448417865270986843455658450596097557248280974523009849753630042206611325562974023520078257756143968372150741489522178611028873348334240216683895097670960593201390752713356074871184426175139513598935981140301812341715098610338332678291025731186352177228657414874279653427691250068231584793500500058743276167361528783893286360835480696123913826153096796007115156277848405779035573408355933013013656974272365041173440230990929978066511742552985114135985138046195307773443094354536678678507949835986096547252851124047986513338732140981015294616516327819825227910592853486468687878309431304192521054826280196753692755551020"
"AAABgEJli5mmMOo5iZ2hMWs9VVfm3SUQMlQZcWHQ1LHZgdILPLtMK3PqBWcLz6hxt61xRzlxp9iw9S2c0AMuXw780Cu1wPWPiOBGnvNa3dNnanZtrKRCenq573PUCyegVjDRmGmKd33zNvSl1bR6pJb9taIIGWF0OEvf9z7xXUs4g67BBUDeslNH/JGoejpnvGowpVVYOcXuTSXnySPiTGtGhM5ElL20t0dmtkxswrIjxLr2Hd85wvnOM0+NI6lexClEQshO8po5tkbPSisi5IiPMcBWh1vsmmQwdxutI98FZrzMPDOFBj2CwBkkEZsyuabw73D07x9A/SF6HtX9ohsG/n6ME1fPE877+y8suQlE0NVfJiQ3serQi2l60ipbvyHZ2R2gbIRj/3WDXyyn7beow5e+1afGgZwexdPVECkbqkQcSbReGj52UFKMvt4EOo1UpTx0AXDT328oPbdv5G9o8VzhXZl1OIXQJ/L87r7yc2oLe0KQoblmfrxFUURR9tyImAAAAYEAh28ydsLxcpLjeT5EMEln7g+8HTuHc4bh6b+Dy+CElf02kEnK0emKFwotJAqs7TDZmhcvKzfq9QbkjRU2iAbtzHZLgdTQ6SH0zfA917J7S89ghOCyW2PHGQOB6ReCFionHa1DuDQetNy1S4shm7PlbBqAOypP91GQgedPXkmhcswaAaKTjk3bQKfVbrDQ0Q/2Svxv4ExMBdRVGEzvc+J9+20sIK+ZNYaQiY7QxFFHJrCFdeYUva1zLq7IPmEbASwfpw76Uw+49sGaSHrvbIiFey4Zd/1CO6HSArQ3wACMrcb34Yw1Mc1OhF0CpkmDY6S84Dut3+BhOArjanKe9ryYtHoHQFMMZ29bRdV59HdPJ34+ebVcr1FQuuP0Q4HyuwmpRzcd/sNQUMfO/MF+To5HT0xhVPF8vRip8MSm+vNgZNKBTOI0nSQkC8t6Y7UZOHf5XHvJE8YhTjumaDmvrB62K8UTGSzaCBQBh052MCF0NZrYAkZlxVAalPpieJTTD+bm",46580587,"3647521556177808612092325535541721646759084537874030531999212446067709663820113790683186801677241761403495071280832637371386156280393970361674250337021838917694690171081754625713027765152661775792447630377985592075182265954210429033209242230175176443686497994767738052450224518750191824473532007966984906208825123946262733712623851569787374574746247844485878859212579627585081011850551126556910940373169795096487935317236857869585877042408969333162716573375167404868361466262138959286524897641212346454958025031842407047362529332888906242240832553726230554856921884119265480545582403508150429904016383589682556424651048725241273831587986571169882048478679727683417005273448549661693557313112697307455210772350311115029994203068538631468869312100286553380211174124137017096686752638926867828758392961900498594047141514508442733225704394160442226201230153122897399008481022528453269188127589180484815703981741840370236602086080"
"AAABgFfKSV1+SERrgm077E5PpxEflojSN/UBa9FkO+GKxLzwWzCo3X3aKb5jKoyVpDZRiy1i+g3KqXbiunSnonWKecsV7/FRzlflD0dibtHBGkX2r6A1GsnpRjVDG1KJ/3J/oLnRPLCMy7g/WB1/PeZukU5lUyXKwJcHszBAbLn53uqgyKjAsy+oHV9Dnwr7wQpIyCrCE8GYvy8yP6AiaQegegp3OyGP4sYW0A4cA7qeNc2o+rAGJckY8BaNHmwRAOYA3C7/8xrqYs5Sid5r4JEzovKMIx9VdGnghiMbWOB1EESIEJQCna5L7ZzA5vXMhuA7Py51sSgJ3FL6NN099DHOAcFrw7FDbFNAnq7CdnzZ+L7lEn5y0qfI2uad5QDuLB1jqp9v5zM61EDPqAIbuaKBVJzlZxrDp+dZUZ6ZxJrSVKJmmCgWrWzapJkYUsNk7ZfBui0g3vhOI9Bp0Vq4TmPoUhgFVJs0gZSyV0l7a7TAUJf18EpxkUNjqPjPAyoRiyA/4QAAAYBHwdI5Q0yER0Hcz2Dcv4JekNmAorDjzeU08TyEfa99hcTnzJyvXaQSZwzqKriYr9oXt6QRgQd7vfwQuWAv7GGDRvtj0U8UgegHP6QDGvsxTPFHVB5PsqtoEK8mgmZFgurkplN8aNztfW27cTb7/7ZHqVjqN0bZCjomOyI4FKElqKXRmcpHn0RlU6jGpJm5Uy4S8c7afQy1KpVdezIHDm2l9cuq/bHRfuoPjIwlqJXZUJNp14dmuidwWc7S78/+Oy7nr2j2uVYRmhB0zUq5rd4pj52g3iSzLthXmS6yHccFZUz8ZXc8sNahmjb174TWLhoEZ0r0ZgjaSWi7LycRv+s+DPmChbZCgUE3RT+MMn9GsPHLlPrbt2+07eVKcBB+QjKd7uB5UjluSpke77eY4n0Re0KlcgackmQqRdIKb/Yh1/Y6Md2kRAlH3h1gyyrE+MSC8t6sfuCbfGOiSToXjz+s66nsJCRk6ENzEgxQDdKIH48nudjRk8fyTtjyhB07KvA=",24514633,"778332353619049284049792791294521598489777686616372049885140622162410580147179136798026983542589253290928206756018418001194828989282876621181337991066479610324785979318984389157771973603680695818252382274264306721277424359538314759772943684700464305986118998514771248674947618617935012742805251194346869491912969533916098027756412333906660536705009151961351660575728181604902051884286480000322754594021768656224848087712463775444003254875634020674466377286259356406646302619528229644812984437017663520335981413861730400320174898592082682987714328377587366216900483015281972295907455243459428806834740352262122090903185182609120617728154476412604369111014005877342564079052021628210695307127333260544966714472412142143616796521829399341026389505747506161130696555281359804096130686184490458743295610068637006865367636373572968895599225543283306526854975646089808162325860468633400920499149018136580640874018947347645240177247"
"AAABgBYg+uiBD8rcNT+0v1X0iHyyOJsEPvxmcpl57JTzb/yyhmyiU15uZDWUOuhpvQpSZDQbN9dKr2t3POfhuc/WFy17m0ykCvmWFwrT0Q4IoSmrsn3/Wh6vAevdZlNnT2RfOBk94xrGA4WvwXC3HE+sb5XVsWRtqnGTqKaskIjqcp2lJq7QFUKKEPfgClOYXXwuzfwIZWoTcg0pock/vVTVyIM/EFyo8n9rUDl/vWpF1kjKLQykPpkYd8CuG5c2wek8l2MsuSCidOBH+d9TVCaVASMlz5sxoE5V1CG6bq26c6UReEzuOIvTaBWwX0LwRvXskBeH9vYBoyhtFHwdU7fLBm8A3zTL6zIz/aBZz9STA0gbP0oC0L1sT4XX4oZTd8jEi7XeMqmXMG63yA2rXiefQxbdbFrqxTthCyBFz7pRD79Sa1a0E1zAhFTDLDPJR1eLn30W3pvfKlMKe+0KaiGb2MrZbEo2mMXA8XZTZZDvyFi3hnXk3+IadBAeZBXPkDzrNAAAAYAekTBbTfw1cwUBj7e+RGHVHda7PPhA8PNYcHDNkEw//x6DrUleMUmVGH9cTOURQ/x3renekiKJ9WZ9voAXmyrX2YsDIGiSMBjMb0lc7Ue0o9neuaGuQDnkxuAzwYe3Th1ZuHl7STg1tpSH+9EkJPT4ommIv2DdgiEmYJ4R3rMYdgxQqJR8XuGA9BnWNx5XChl1iDcyAzms329lvcLRpAzJ5guHZYJykymoJA4HdWoB6AYv3Y4OEgQaGxFnyur3NXp6S5t3mveYbQUJChcCtK9O9REmDAbI06EBwio4QFgbXd2UHTi7dTPUqia+IadCiHq7RdEpjxKHjfOiiP9tRu/1VnSVeHqXMpOGIhoT7dbwVpE6EfAJNZDAxM7gStutR+6d6kB7v3Urt2yY/F5GBWq9DzRfbXiaKTCk6Spr4+oHMYoSOnTiRlJMcbgdxP30VGhp4jUcoogcMP1McQfFkQWGBpYk1eB7Sv933NJs/aYrKWd//f6i+jsZ4bQyC8v3IHU=",11191861,"439852039167165144299857879610577188791816854225324334379920625722042033091356812189218837787719760832743326658932643595620124756223870607683408486700075608829581422667417493886876448303768002084518390771544911655768373805581918207480945593531018457174423555841825821342185143570320121027818212313575238516363783144088612680933231194378068640724325119263157821882626050818404940540495874902456490018260104245402248808238301292569575862259661765538861031121120321988697301587377853529272203798831814454954301556218965611583803865574758369407794065219057512470551856513589282051788227640263937188382751746495492861263343479857197301237396788491473474330697147948658807087392903602152895857428136497254841376553018843890320832719797337579106320447680713624214585979978948584636957609143273006770226382027006130451583598487490518285639660171135827562692718387757929168011760283753895397931357743139809299076748596996129839452618"